date,state,target-state,temperature,target-temperature,outside-temperature,heat-index
2026-01-07 15:23:14,1,1,21.33,20,0,19.52717222222223
2026-01-07 15:23:14,1,1,21.33,20,0,19.52717222222223
2026-01-07 15:23:16,1,1,21.32,20,-0.2,19.516172222222227
2026-01-07 15:23:51,1,1,21.32,20,-0.2,19.516172222222227
2026-01-07 15:24:25,1,1,21.33,20,-0.2,19.52717222222223
2026-01-07 15:25:00,1,1,21.3,20,-0.2,19.494172222222225
2026-01-07 15:25:35,1,1,21.34,20,-0.2,19.538172222222233
2026-01-07 15:26:10,1,1,21.36,20,-0.2,19.560172222222228
2026-01-07 15:26:45,1,1,21.35,20,-0.2,19.549172222222225
2026-01-07 15:27:21,1,1,21.33,20,-0.2,19.52717222222223
2026-01-07 15:27:56,1,1,21.35,20,-0.2,19.549172222222225
2026-01-07 15:28:30,1,1,21.33,20,-0.14,19.52717222222223
2026-01-07 15:29:05,1,1,21.34,20,-0.14,19.538172222222233
2026-01-07 15:29:40,1,1,21.31,20,-0.14,19.505172222222225
2026-01-07 15:30:13,1,1,21.33,20,-0.14,19.52717222222223
2026-01-07 15:30:49,1,1,21.34,20,-0.14,19.538172222222233
2026-01-07 15:31:22,1,1,21.35,20,-0.14,19.549172222222225
2026-01-07 15:31:57,1,1,21.33,20,-0.14,19.52717222222223
2026-01-07 15:32:30,1,1,21.37,20,-0.14,19.57117222222223
2026-01-07 15:33:06,1,1,21.36,20,-0.14,19.560172222222228
2026-01-07 15:33:41,1,1,21.35,20,-0.14,19.549172222222225
2026-01-07 15:34:14,1,1,21.36,20,-0.14,19.560172222222228
2026-01-07 15:34:49,1,1,21.5,20,-0.14,19.71391111111111
2026-01-07 15:35:22,1,1,21.5,20,-0.14,19.71391111111111
2026-01-07 15:35:58,1,1,21.46,20,-0.14,19.66991111111111
2026-01-07 15:36:31,1,1,21.46,20,-0.14,19.66991111111111
2026-01-07 15:37:06,1,1,21.48,20,-0.14,19.691911111111107
2026-01-07 15:37:39,1,1,21.45,20,-0.14,19.658911111111117
2026-01-07 15:38:13,1,1,21.46,20,-0.14,19.66991111111111
2026-01-07 15:38:48,1,1,21.44,20,-0.14,19.64791111111112
2026-01-07 15:39:21,1,1,21.48,20,-0.14,19.691911111111107
2026-01-07 15:39:56,1,1,21.33,20,-0.14,19.526911111111115
2026-01-07 15:40:30,1,1,21.24,20,-0.14,19.42791111111111
2026-01-07 15:41:05,1,1,21.25,20,-0.14,19.438911111111107
2026-01-07 15:41:38,1,1,21.28,20,-0.14,19.472172222222227
2026-01-07 15:42:13,1,1,21.31,20,-0.14,19.50491111111111
2026-01-07 15:42:48,1,1,21.33,20,-0.14,19.526911111111115
2026-01-07 15:43:24,1,1,21.35,20,-0.14,19.549172222222225
2026-01-07 15:43:57,1,1,21.4,20,-0.14,19.603911111111106
2026-01-07 15:44:30,1,1,21.38,20,-0.14,19.58191111111112
2026-01-07 15:45:05,1,1,21.34,20,-0.14,19.537911111111118
2026-01-07 15:45:38,1,1,21.37,20,-0.14,19.57117222222223
2026-01-07 15:46:12,1,1,21.36,20,-0.14,19.559911111111113
2026-01-07 15:46:45,1,1,21.36,20,-0.14,19.559911111111113
2026-01-07 15:47:20,1,1,21.36,20,-0.14,19.559911111111113
2026-01-07 15:47:55,1,1,21.37,20,-0.14,19.570911111111116
2026-01-07 15:48:31,1,1,21.29,20,-0.14,19.482911111111115
2026-01-07 15:49:04,1,1,21.33,20,-0.14,19.526911111111115
2026-01-07 15:49:39,1,1,21.58,20,-0.14,19.80191111111111
2026-01-07 15:50:12,1,1,21.45,20,-0.14,19.658911111111117
2026-01-07 15:50:47,1,1,21.43,20,-0.14,19.63691111111111
2026-01-07 15:51:21,1,1,21.41,20,-0.14,19.614911111111116
2026-01-07 15:51:56,1,1,21.33,20,-0.14,19.52717222222223
2026-01-07 15:52:29,1,1,21.35,20,-0.14,19.549172222222225
2026-01-07 15:53:02,1,1,21.32,20,-0.14,19.516172222222227
2026-01-07 15:53:38,1,1,21.31,20,-0.14,19.505172222222225
2026-01-07 15:54:13,1,1,21.32,20,-0.14,19.516172222222227
2026-01-07 15:54:48,1,1,21.37,20,-0.14,19.570911111111116
2026-01-07 15:55:23,1,1,21.44,20,-0.14,19.64791111111112
2026-01-07 15:55:56,1,1,21.4,20,-0.14,19.603911111111106
2026-01-07 15:56:31,1,1,21.4,20,-0.14,19.603911111111106
2026-01-07 15:57:07,1,1,21.43,20,-0.14,19.63691111111111
2026-01-07 15:57:42,1,1,21.38,20,-0.14,19.58191111111112
2026-01-07 15:58:17,1,1,21.36,20,-0.14,19.560172222222228
2026-01-07 15:58:50,1,1,21.29,20,-0.14,19.48317222222223
2026-01-07 15:59:25,1,1,21.3,20,-0.14,19.494172222222225
2026-01-07 16:00:01,1,1,21.3,20,-0.14,19.494172222222225
2026-01-07 16:00:36,1,1,21.26,20,-0.14,19.450172222222225
2026-01-07 16:01:10,1,1,21.3,20,-0.14,19.494172222222225
2026-01-07 16:01:43,1,1,21.33,20,-0.14,19.52717222222223
2026-01-07 16:02:18,1,1,21.36,20,-0.14,19.560172222222228
2026-01-07 16:02:54,1,1,21.35,20,-0.14,19.549172222222225
2026-01-07 16:03:27,1,1,21.35,20,-0.2,19.549172222222225
2026-01-07 16:04:02,1,1,21.28,20,-0.2,19.472172222222227
2026-01-07 16:04:35,1,1,21.27,20,-0.2,19.461172222222228
2026-01-07 16:05:08,1,1,21.45,20,-0.2,19.658911111111117
2026-01-07 16:05:44,1,1,21.63,20,-0.2,19.856911111111113
2026-01-07 16:06:19,1,1,21.51,20,-0.2,19.72491111111112
2026-01-07 16:06:54,1,1,21.53,20,-0.2,19.746911111111114
2026-01-07 16:07:29,1,1,21.49,20,-0.2,19.7029111111111
2026-01-07 16:08:04,1,1,21.49,20,-0.2,19.703172222222214
2026-01-07 16:08:39,1,1,21.52,20,-0.2,19.73617222222222
2026-01-07 16:09:15,1,1,21.54,20,-0.2,19.758172222222218
2026-01-07 16:09:50,1,1,21.56,20,-0.2,19.78017222222222
2026-01-07 16:10:23,1,1,21.56,20,-0.2,19.78017222222222
2026-01-07 16:10:58,1,1,21.57,20,-0.2,19.791172222222222
2026-01-07 16:11:33,1,1,21.6,20,-0.2,19.82417222222222
2026-01-07 16:12:09,1,1,21.62,20,-0.2,19.846172222222226
2026-01-07 16:12:44,1,1,21.63,20,-0.2,19.85717222222223
2026-01-07 16:13:19,1,1,21.63,20,-0.2,19.856911111111113
2026-01-07 16:13:54,1,1,21.61,20,-0.2,19.834911111111108
2026-01-07 16:14:29,1,1,21.65,20,-0.2,19.87891111111111
2026-01-07 16:15:04,1,1,21.65,20,-0.2,19.87891111111111
2026-01-07 16:15:40,1,1,21.64,20,-0.2,19.867911111111106
2026-01-07 16:16:14,1,1,21.63,20,-0.2,19.856911111111113
2026-01-07 16:16:47,1,1,21.65,20,-0.2,19.87891111111111
2026-01-07 16:17:22,1,1,21.65,20,-0.2,19.87891111111111
2026-01-07 16:17:55,1,1,21.65,20,-0.2,19.87891111111111
2026-01-07 16:18:28,1,1,21.65,20,-0.2,19.87891111111111
2026-01-07 16:19:04,1,1,21.64,20,-0.2,19.867911111111106
2026-01-07 16:19:37,1,1,21.63,20,-0.2,19.856911111111113
2026-01-07 16:20:16,1,1,21.64,20,-0.2,19.867911111111106
2026-01-07 16:20:51,1,1,21.66,20,-0.2,19.88991111111111
2026-01-07 16:21:24,1,1,21.64,20,-0.2,19.867911111111106
2026-01-07 16:22:00,1,1,21.68,20,-0.2,19.911911111111113
2026-01-07 16:22:33,1,1,21.68,20,-0.2,19.911911111111113
2026-01-07 16:23:08,1,1,21.66,20,-0.2,19.88991111111111
2026-01-07 16:23:43,1,1,21.65,20,-0.2,19.87891111111111
2026-01-07 16:24:18,1,1,21.66,20,-0.2,19.88991111111111
2026-01-07 16:24:54,1,1,21.64,20,-0.2,19.867911111111106
2026-01-07 16:25:29,1,1,21.63,20,-0.2,19.856911111111113
2026-01-07 16:26:02,1,1,21.63,20,-0.2,19.856911111111113
2026-01-07 16:26:37,1,1,21.61,20,-0.2,19.834911111111108
2026-01-07 16:27:10,1,1,21.6,20,-0.2,19.823911111111105
2026-01-07 16:27:46,1,1,21.57,20,-0.2,19.790911111111107
2026-01-07 16:28:21,1,1,21.6,20,-0.2,19.823911111111105
2026-01-07 16:28:56,1,1,21.63,20,-0.2,19.856911111111113
2026-01-07 16:29:31,1,1,21.61,20,-0.2,19.834911111111108
2026-01-07 16:30:10,1,1,21.65,20,-0.2,19.87891111111111
2026-01-07 16:30:43,1,1,21.64,20,-0.2,19.867911111111106
2026-01-07 16:31:19,1,1,21.62,20,-0.2,19.84591111111111
2026-01-07 16:31:54,1,1,21.62,20,-0.2,19.84591111111111
2026-01-07 16:32:29,1,1,21.62,20,-0.2,19.84591111111111
2026-01-07 16:33:02,1,1,21.62,20,-0.2,19.84591111111111
2026-01-07 16:33:37,1,1,21.35,20,-0.2,19.54891111111111
2026-01-07 16:34:12,1,1,21.3,20,-0.2,19.49391111111111
2026-01-07 16:34:48,1,1,21.27,20,-0.2,19.460911111111113
2026-01-07 16:35:23,1,1,21.31,20,-0.2,19.50491111111111
2026-01-07 16:35:56,1,1,21.4,20,-0.2,19.603911111111106
2026-01-07 16:36:31,1,1,21.47,20,-0.2,19.68091111111111
2026-01-07 16:37:06,1,1,21.49,20,-0.2,19.7029111111111
2026-01-07 16:37:40,1,1,21.55,20,-0.2,19.768911111111105
2026-01-07 16:38:13,1,1,21.57,20,-0.2,19.790911111111107
2026-01-07 16:38:46,1,1,21.6,20,-0.2,19.823911111111105
2026-01-07 16:39:21,1,1,21.65,20,-0.2,19.87891111111111
2026-01-07 16:39:57,1,1,21.64,20,-0.2,19.867911111111106
2026-01-07 16:40:32,1,1,21.64,20,-0.2,19.867911111111106
2026-01-07 16:41:05,1,1,21.66,20,-0.2,19.88991111111111
2026-01-07 16:41:40,1,1,21.66,20,-0.2,19.88991111111111
2026-01-07 16:42:15,1,1,21.66,20,-0.2,19.88991111111111
2026-01-07 16:42:51,1,1,21.68,20,-0.2,19.911911111111113
2026-01-07 16:43:24,1,1,21.69,20,-0.2,19.92291111111111
2026-01-07 16:44:03,1,1,21.72,20,-0.2,19.955911111111114
2026-01-07 16:44:38,1,1,21.68,20,-0.2,19.911911111111113
2026-01-07 16:45:13,1,1,21.66,20,-0.2,19.88991111111111
2026-01-07 16:45:46,1,1,21.66,20,-0.2,19.88991111111111
2026-01-07 16:46:20,1,1,21.65,20,-0.2,19.87891111111111
2026-01-07 16:46:55,1,1,21.65,20,-0.2,19.87891111111111
2026-01-07 16:47:30,1,1,21.65,20,-0.2,19.87891111111111
2026-01-07 16:48:05,1,1,21.68,20,-0.2,19.911911111111113
2026-01-07 16:48:40,1,1,21.65,20,-0.2,19.87891111111111
2026-01-07 16:49:14,1,1,21.6,20,-0.2,19.823911111111105
2026-01-07 16:49:49,1,1,21.57,20,-0.2,19.790911111111107
2026-01-07 16:50:22,1,1,21.48,20,-0.2,19.691911111111107
2026-01-07 16:50:57,1,1,21.54,20,-0.2,19.757911111111103
2026-01-07 16:51:30,1,1,21.57,20,-0.2,19.790911111111107
2026-01-07 16:52:04,1,1,21.56,20,-0.2,19.779911111111105
2026-01-07 16:52:39,1,1,21.56,20,-0.2,19.779911111111105
2026-01-07 16:53:14,1,1,21.6,20,-0.2,19.823911111111105
2026-01-07 16:53:49,1,1,21.63,20,-0.2,19.856911111111113
2026-01-07 16:54:24,1,1,21.6,20,-0.2,19.823911111111105
2026-01-07 16:55:00,1,1,21.61,20,-0.2,19.834911111111108
2026-01-07 16:55:33,1,1,21.63,20,-0.2,19.856911111111113
2026-01-07 16:56:06,1,1,21.61,20,-0.2,19.834911111111108
2026-01-07 16:56:41,1,1,21.63,20,-0.2,19.856911111111113
2026-01-07 16:57:16,1,1,21.59,20,-0.2,19.812911111111102
2026-01-07 16:57:52,1,1,21.62,20,-0.2,19.84591111111111
2026-01-07 16:58:27,1,1,21.61,20,-0.2,19.834911111111108
2026-01-07 16:59:06,1,1,21.59,20,-0.2,19.812911111111102
2026-01-07 16:59:41,1,1,21.58,20,-0.2,19.80191111111111
2026-01-07 17:00:16,1,1,21.68,20,-0.2,19.911911111111113
2026-01-07 17:00:52,1,1,21.73,20,-0.2,19.966911111111116
2026-01-07 17:01:27,1,1,21.74,20,-0.2,19.97791111111111
2026-01-07 17:02:03,1,1,21.73,20,-0.2,19.966911111111116
2026-01-07 17:02:38,1,1,21.75,20,-0.2,19.98891111111111
2026-01-07 17:03:13,1,1,21.73,20,-0.2,19.966911111111116
2026-01-07 17:03:48,1,1,21.77,20,-0.14,20.010911111111117
2026-01-07 17:04:21,1,1,21.77,20,-0.14,20.010911111111117
2026-01-07 17:04:56,1,1,21.66,20,-0.14,19.88991111111111
2026-01-07 17:05:31,1,1,21.67,20,-0.14,19.90091111111111
2026-01-07 17:06:04,1,1,21.74,20,-0.14,19.97791111111111
2026-01-07 17:06:39,1,1,21.69,20,-0.14,19.92291111111111
2026-01-07 17:07:13,1,1,21.56,20,-0.14,19.779911111111105
2026-01-07 17:07:46,1,1,21.6,20,-0.14,19.823911111111105
2026-01-07 17:08:21,1,1,21.64,20,-0.14,19.867911111111106
2026-01-07 17:08:57,1,1,21.64,20,-0.14,19.867911111111106
2026-01-07 17:09:32,1,1,21.62,20,-0.14,19.84591111111111
2026-01-07 17:10:05,1,1,21.64,20,-0.14,19.867911111111106
2026-01-07 17:10:40,1,1,21.65,20,-0.14,19.87891111111111
2026-01-07 17:11:15,1,1,21.68,20,-0.14,19.911911111111113
2026-01-07 17:11:49,1,1,21.72,20,-0.14,19.955911111111114
2026-01-07 17:12:22,1,1,21.7,20,-0.14,19.93391111111111
2026-01-07 17:12:57,1,1,21.73,20,-0.14,19.966911111111116
2026-01-07 17:13:32,1,1,21.69,20,-0.14,19.92291111111111
2026-01-07 17:14:06,1,1,21.64,20,-0.14,19.867911111111106
2026-01-07 17:14:41,1,1,21.61,20,-0.14,19.834911111111108
2026-01-07 17:15:16,1,1,21.59,20,-0.14,19.812911111111102
2026-01-07 17:15:49,1,1,21.59,20,-0.14,19.813172222222217
2026-01-07 17:16:24,1,1,21.63,20,-0.14,19.85717222222223
2026-01-07 17:16:58,1,1,21.58,20,-0.14,19.802172222222225
2026-01-07 17:17:31,1,1,21.6,20,-0.14,19.82417222222222
2026-01-07 17:18:06,1,1,21.74,20,-0.14,19.978172222222224
2026-01-07 17:18:40,1,1,21.67,20,-0.14,19.901172222222225
2026-01-07 17:19:15,1,1,21.6,20,-0.14,19.82417222222222
2026-01-07 17:19:48,1,1,21.6,20,-0.14,19.82417222222222
2026-01-07 17:20:24,1,1,21.6,20,-0.14,19.82417222222222
2026-01-07 17:20:57,1,1,21.57,20,-0.14,19.791172222222222
2026-01-07 17:21:31,1,1,21.58,20,-0.14,19.802172222222225
2026-01-07 17:22:06,1,1,21.61,20,-0.14,19.835172222222223
2026-01-07 17:22:41,1,1,21.62,20,-0.14,19.846172222222226
2026-01-07 17:23:14,1,1,21.62,20,-0.14,19.846172222222226
2026-01-07 17:23:48,1,1,21.61,20,-0.14,19.835172222222223
2026-01-07 17:24:22,1,1,21.59,20,-0.14,19.813172222222217
2026-01-07 17:24:55,1,1,21.62,20,-0.14,19.846172222222226
2026-01-07 17:25:30,1,1,21.61,20,-0.14,19.835172222222223
2026-01-07 17:26:04,1,1,21.64,20,-0.14,19.86817222222222
2026-01-07 17:26:37,1,1,21.66,20,-0.14,19.890172222222226
2026-01-07 17:27:11,1,1,21.61,20,-0.14,19.835172222222223
2026-01-07 17:27:44,1,1,21.62,20,-0.14,19.846172222222226
2026-01-07 17:28:19,1,1,21.61,20,-0.14,19.835172222222223
2026-01-07 17:28:54,1,1,21.61,20,-0.14,19.835172222222223
2026-01-07 17:29:28,1,1,21.62,20,-0.14,19.846172222222226
2026-01-07 17:30:03,1,1,21.63,20,-0.14,19.85717222222223
2026-01-07 17:30:38,1,1,21.6,20,-0.14,19.82417222222222
2026-01-07 17:31:11,1,1,21.68,20,-0.14,19.911911111111113
2026-01-07 17:31:44,1,1,21.63,20,-0.14,19.856911111111113
2026-01-07 17:32:20,1,1,21.57,20,-0.14,19.790911111111107
2026-01-07 17:32:55,1,1,21.51,20,-0.14,19.72491111111112
2026-01-07 17:33:30,1,1,21.54,20,-0.19,19.757911111111103
2026-01-07 17:34:03,1,1,21.52,20,-0.19,19.735911111111104
2026-01-07 17:34:38,1,1,21.59,20,-0.19,19.812911111111102
2026-01-07 17:35:14,1,1,21.6,20,-0.19,19.823911111111105
2026-01-07 17:35:49,1,1,21.55,20,-0.19,19.768911111111105
2026-01-07 17:36:22,1,1,21.54,20,-0.19,19.757911111111103
2026-01-07 17:36:57,1,1,21.53,20,-0.19,19.746911111111114
2026-01-07 17:37:32,1,1,21.49,20,-0.19,19.703172222222214
2026-01-07 17:38:08,1,1,21.55,20,-0.19,19.76917222222222
2026-01-07 17:38:41,1,1,21.59,20,-0.19,19.813172222222217
2026-01-07 17:39:16,1,1,21.59,20,-0.19,19.812911111111102
2026-01-07 17:39:55,1,1,21.6,20,-0.19,19.823911111111105
2026-01-07 17:40:30,1,1,21.59,20,-0.19,19.812911111111102
2026-01-07 17:41:03,1,1,21.61,20,-0.19,19.834911111111108
2026-01-07 17:41:39,1,1,21.55,20,-0.19,19.768911111111105
2026-01-07 17:42:14,1,1,21.53,20,-0.19,19.746911111111114
2026-01-07 17:42:49,1,1,21.52,20,-0.19,19.73617222222222
2026-01-07 17:43:24,1,1,21.59,20,-0.19,19.812911111111102
2026-01-07 17:43:59,1,1,21.59,20,-0.19,19.812911111111102
2026-01-07 17:44:35,1,1,21.59,20,-0.19,19.813172222222217
2026-01-07 17:45:10,1,1,21.54,20,-0.19,19.758172222222218
2026-01-07 17:45:45,1,1,21.54,20,-0.19,19.757911111111103
2026-01-07 17:46:20,1,1,21.58,20,-0.19,19.80191111111111
2026-01-07 17:46:55,1,1,21.51,20,-0.19,19.72491111111112
2026-01-07 17:47:30,1,1,21.21,20,-0.19,19.394911111111107
2026-01-07 17:48:04,1,1,21.24,20,-0.19,19.428172222222226
2026-01-07 17:48:39,1,1,21.25,20,-0.19,19.438911111111107
2026-01-07 17:49:14,1,1,21.3,20,-0.19,19.49391111111111
2026-01-07 17:49:49,1,1,21.33,20,-0.19,19.526911111111115
2026-01-07 17:50:22,1,1,21.39,20,-0.19,19.592911111111118
2026-01-07 17:50:56,1,1,21.44,20,-0.19,19.64791111111112
2026-01-07 17:51:31,1,1,21.49,20,-0.19,19.7029111111111
2026-01-07 17:52:06,1,1,21.49,20,-0.19,19.7029111111111
2026-01-07 17:52:39,1,1,21.49,20,-0.19,19.7029111111111
2026-01-07 17:53:14,1,1,21.49,20,-0.19,19.7029111111111
2026-01-07 17:53:50,1,1,21.52,20,-0.19,19.735911111111104
2026-01-07 17:54:25,1,1,21.45,20,-0.19,19.658911111111117
2026-01-07 17:55:00,1,1,21.33,20,-0.19,19.526911111111115
2026-01-07 17:55:35,1,1,21.36,20,-0.19,19.559911111111113
2026-01-07 17:56:10,1,1,21.41,20,-0.19,19.614911111111116
2026-01-07 17:56:45,1,1,21.46,20,-0.19,19.66991111111111
2026-01-07 17:57:21,1,1,21.49,20,-0.19,19.7029111111111
2026-01-07 17:57:57,1,1,21.52,20,-0.19,19.735911111111104
2026-01-07 17:58:32,1,1,21.5,20,-0.19,19.71391111111111
2026-01-07 17:59:07,1,1,21.52,20,-0.19,19.735911111111104
2026-01-07 17:59:40,1,1,21.55,20,-0.19,19.768911111111105
2026-01-07 18:00:15,1,1,21.56,20,-0.19,19.779911111111105
2026-01-07 18:00:49,1,1,21.58,20,-0.19,19.80191111111111
2026-01-07 18:01:22,1,1,21.58,20,-0.19,19.80191111111111
2026-01-07 18:01:57,1,1,21.58,20,-0.19,19.80191111111111
2026-01-07 18:02:30,1,1,21.55,20,-0.19,19.768911111111105
2026-01-07 18:03:06,1,1,21.57,20,-0.19,19.790911111111107
2026-01-07 18:03:41,1,1,21.55,20,-0.19,19.768911111111105
2026-01-07 18:04:14,1,1,21.52,20,-0.19,19.735911111111104
2026-01-07 18:04:49,1,1,21.46,20,-0.19,19.66991111111111
2026-01-07 18:05:24,1,1,21.44,20,-0.19,19.64791111111112
2026-01-07 18:05:59,1,1,21.43,20,-0.19,19.63691111111111
2026-01-07 18:06:33,1,1,21.43,20,-0.19,19.63691111111111
2026-01-07 18:07:08,1,1,21.43,20,-0.19,19.63691111111111
2026-01-07 18:07:41,1,1,21.41,20,-0.19,19.614911111111116
2026-01-07 18:08:15,1,1,21.41,20,-0.19,19.614911111111116
2026-01-07 18:08:50,1,1,21.36,20,-0.19,19.559911111111113
2026-01-07 18:09:24,1,1,21.36,20,-0.19,19.559911111111113
2026-01-07 18:09:57,1,1,21.35,20,-0.19,19.54891111111111
2026-01-07 18:10:30,1,1,21.32,20,-0.19,19.515911111111112
2026-01-07 18:11:06,1,1,21.31,20,-0.19,19.50491111111111
2026-01-07 18:11:41,1,1,21.29,20,-0.19,19.482911111111115
2026-01-07 18:12:16,1,1,21.3,20,-0.19,19.49391111111111
2026-01-07 18:12:51,1,1,21.27,20,-0.19,19.460911111111113
2026-01-07 18:13:26,1,1,21.25,20,-0.19,19.438911111111107
2026-01-07 18:13:59,1,1,21.24,20,-0.19,19.42791111111111
2026-01-07 18:14:35,1,1,21.24,20,-0.19,19.427650000000007
2026-01-07 18:15:08,1,1,21.21,20,-0.19,19.394911111111107
2026-01-07 18:15:43,1,1,21.19,20,-0.19,19.37291111111111
2026-01-07 18:16:18,1,1,21.15,20,-0.19,19.328911111111104
2026-01-07 18:16:54,1,1,21.18,20,-0.19,19.36191111111111
2026-01-07 18:17:29,1,1,21.16,20,-0.19,19.339911111111103
2026-01-07 18:18:02,1,1,21.18,20,-0.19,19.36191111111111
2026-01-07 18:18:37,1,1,21.19,20,-0.19,19.372650000000004
2026-01-07 18:19:12,1,1,21.18,20,-0.19,19.36191111111111
2026-01-07 18:19:47,1,1,21.18,20,-0.19,19.36191111111111
2026-01-07 18:20:23,1,1,21.2,20,-0.19,19.383911111111104
2026-01-07 18:20:58,1,1,21.25,20,-0.19,19.438911111111107
2026-01-07 18:21:33,1,1,21.27,20,-0.19,19.460650000000005
2026-01-07 18:22:08,1,1,21.3,20,-0.19,19.493650000000002
2026-01-07 18:22:41,1,1,21.29,20,-0.19,19.482650000000007
2026-01-07 18:23:15,1,1,21.3,20,-0.19,19.493650000000002
2026-01-07 18:23:50,1,1,21.32,20,-0.19,19.515650000000004
2026-01-07 18:24:25,1,1,21.36,20,-0.19,19.559650000000005
2026-01-07 18:24:58,1,1,21.41,20,-0.19,19.614650000000008
2026-01-07 18:25:33,1,1,21.44,20,-0.19,19.64791111111112
2026-01-07 18:26:09,1,1,21.46,20,-0.19,19.66965
2026-01-07 18:26:44,1,1,21.46,20,-0.19,19.66991111111111
2026-01-07 18:27:19,1,1,21.51,20,-0.19,19.72491111111112
2026-01-07 18:27:54,1,1,21.53,20,-0.19,19.746911111111114
2026-01-07 18:28:30,1,1,21.57,20,-0.19,19.790911111111107
2026-01-07 18:29:05,1,1,21.58,20,-0.19,19.80191111111111
2026-01-07 18:29:40,1,1,21.6,20,-0.19,19.823911111111105
2026-01-07 18:30:14,1,1,21.64,20,-0.19,19.867911111111106
2026-01-07 18:30:49,1,1,21.66,20,-0.19,19.88991111111111
2026-01-07 18:31:22,1,1,21.68,20,-0.19,19.912172222222228
2026-01-07 18:31:57,1,1,21.72,20,-0.19,19.95617222222223
2026-01-07 18:32:32,1,1,21.76,20,-0.19,20.00017222222223
2026-01-07 18:33:08,1,1,21.78,20,-0.19,20.022172222222235
2026-01-07 18:33:43,1,1,21.8,20,-0.19,20.04417222222223
2026-01-07 18:34:16,1,1,21.79,20,-0.19,20.033172222222227
2026-01-07 18:34:51,1,1,21.87,20,-0.19,20.12117222222222
2026-01-07 18:35:26,1,1,21.86,20,-0.19,20.110172222222225
2026-01-07 18:35:59,1,1,21.87,20,-0.19,20.12117222222222
2026-01-07 18:36:35,1,1,21.94,20,-0.19,20.198172222222233
2026-01-07 18:37:08,1,1,21.96,20,-0.19,20.220172222222228
2026-01-07 18:37:42,1,1,21.99,20,-0.19,20.25317222222222
2026-01-07 18:38:15,1,1,21.96,20,-0.19,20.220172222222228
2026-01-07 18:38:50,1,1,22.03,20,-0.19,20.29717222222222
2026-01-07 18:39:26,1,1,22.1,20,-0.19,20.374172222222224
2026-01-07 18:39:59,1,1,22.12,20,-0.19,20.39617222222223
2026-01-07 18:40:34,1,1,22.12,20,-0.19,20.39617222222223
2026-01-07 18:41:07,1,1,22.08,20,-0.19,20.352172222222222
2026-01-07 18:41:42,1,1,22.08,20,-0.19,20.352172222222222
2026-01-07 18:42:18,1,1,22.1,20,-0.19,20.374172222222224
2026-01-07 18:42:54,1,1,22.16,20,-0.19,20.44017222222223
2026-01-07 18:43:29,0,1,22.2,20,-0.19,20.48417222222223
2026-01-07 18:44:04,0,1,22.2,20,-0.19,20.48417222222223
2026-01-07 18:44:39,0,1,22.27,20,-0.19,20.56117222222223
2026-01-07 18:45:14,0,1,22.27,20,-0.19,20.56117222222223
2026-01-07 18:45:49,0,1,22.38,20,-0.19,20.682172222222217
2026-01-07 18:46:23,0,1,22.38,20,-0.19,20.682172222222217
2026-01-07 18:46:58,0,1,22.39,20,-0.19,20.69317222222222
2026-01-07 18:47:31,0,1,22.41,20,-0.19,20.715172222222225
2026-01-07 18:48:06,0,1,22.48,20,-0.19,20.792172222222224
2026-01-07 18:48:41,0,1,22.48,20,-0.19,20.792172222222224
2026-01-07 18:49:17,0,1,22.57,20,-0.19,20.891172222222224
2026-01-07 18:49:50,0,1,22.58,20,-0.19,20.902172222222227
2026-01-07 18:50:25,0,1,22.61,20,-0.19,20.93517222222223
2026-01-07 18:51:00,0,1,22.66,20,-0.19,20.98991111111112
2026-01-07 18:51:33,0,1,22.65,20,-0.19,20.979172222222218
2026-01-07 18:52:09,0,1,22.63,20,-0.19,20.95717222222223
2026-01-07 18:52:42,0,1,22.68,20,-0.19,21.01217222222223
2026-01-07 18:53:17,0,1,22.79,20,-0.19,21.13317222222222
2026-01-07 18:53:50,0,1,22.91,20,-0.19,21.265172222222223
2026-01-07 18:54:25,0,1,22.99,20,-0.19,21.352911111111116
2026-01-07 18:55:01,0,1,22.92,20,-0.19,21.27591111111111
2026-01-07 18:55:36,0,1,22.86,20,-0.19,21.209911111111104
2026-01-07 18:56:09,0,1,22.81,20,-0.19,21.1549111111111
2026-01-07 18:56:44,0,1,22.79,20,-0.19,21.13317222222222
2026-01-07 18:57:19,0,1,22.79,20,-0.19,21.13317222222222
2026-01-07 18:57:55,0,1,22.79,20,-0.19,21.13317222222222
2026-01-07 18:58:30,0,1,22.79,20,-0.19,21.13317222222222
2026-01-07 18:59:05,0,1,22.96,20,-0.19,21.320172222222222
2026-01-07 18:59:44,0,1,22.85,20,-0.19,21.199172222222227
2026-01-07 19:00:19,0,1,22.88,20,-0.19,21.232172222222225
2026-01-07 19:00:52,0,1,22.98,20,-0.19,21.342172222222228
2026-01-07 19:01:28,0,1,22.93,20,-0.19,21.287172222222225
2026-01-07 19:02:03,0,1,22.91,20,-0.19,21.265172222222223
2026-01-07 19:02:38,0,1,23.01,20,-0.19,21.375172222222226
2026-01-07 19:03:13,0,1,22.97,20,-0.19,21.33091111111111
2026-01-07 19:03:48,0,1,22.94,20,-0.19,21.297911111111112
2026-01-07 19:04:24,0,1,22.94,20,-0.19,21.298172222222227
2026-01-07 19:04:59,0,1,22.91,20,-0.19,21.265172222222223
2026-01-07 19:05:34,0,1,22.9,20,-0.19,21.254172222222227
2026-01-07 19:06:07,0,1,22.81,20,-0.19,21.155172222222216
2026-01-07 19:06:42,0,1,22.8,20,-0.19,21.144172222222224
2026-01-07 19:07:18,0,1,22.83,20,-0.19,21.17717222222222
2026-01-07 19:07:53,0,1,22.86,20,-0.19,21.21017222222222
2026-01-07 19:08:28,0,1,22.91,20,-0.17,21.265172222222223
2026-01-07 19:09:03,0,1,22.91,20,-0.17,21.265172222222223
2026-01-07 19:09:38,0,1,22.95,20,-0.17,21.308911111111115
2026-01-07 19:10:13,0,1,22.88,20,-0.17,21.232172222222225
2026-01-07 19:10:47,0,1,22.7,20,-0.17,21.034172222222228
2026-01-07 19:11:22,0,1,22.72,20,-0.17,21.05617222222223
2026-01-07 19:11:57,0,1,22.8,20,-0.17,21.144172222222224
2026-01-07 19:12:32,0,1,22.74,20,-0.17,21.078172222222218
2026-01-07 19:13:08,0,1,22.8,20,-0.17,21.144172222222224
2026-01-07 19:13:43,0,1,22.86,20,-0.17,21.21017222222222
2026-01-07 19:14:19,0,1,22.79,20,-0.17,21.13317222222222
2026-01-07 19:14:52,0,1,22.84,20,-0.17,21.188172222222224
2026-01-07 19:15:27,0,1,22.85,20,-0.17,21.199172222222227
2026-01-07 19:16:01,0,1,22.86,20,-0.17,21.21017222222222
2026-01-07 19:16:34,0,1,22.83,20,-0.17,21.17717222222222
2026-01-07 19:17:07,0,1,22.81,20,-0.17,21.155172222222216
2026-01-07 19:17:42,0,1,22.78,20,-0.17,21.122172222222236
2026-01-07 19:18:15,0,1,22.72,20,-0.17,21.05617222222223
2026-01-07 19:18:51,0,1,22.8,20,-0.17,21.144172222222224
2026-01-07 19:19:26,0,1,22.78,20,-0.17,21.122172222222236
2026-01-07 19:20:05,0,1,22.85,20,-0.17,21.199172222222227
2026-01-07 19:20:38,0,1,22.88,20,-0.17,21.232172222222225
2026-01-07 19:21:13,0,1,22.74,20,-0.17,21.078172222222218
2026-01-07 19:21:47,0,1,22.65,20,-0.17,20.979172222222218
2026-01-07 19:22:22,0,1,22.61,20,-0.17,20.93517222222223
2026-01-07 19:22:55,0,1,22.57,20,-0.17,20.891172222222224
2026-01-07 19:23:30,0,1,22.55,20,-0.12,20.86917222222223
2026-01-07 19:24:05,0,1,22.5,20,-0.12,20.814172222222226
2026-01-07 19:24:41,0,1,22.45,20,-0.12,20.759172222222226
2026-01-07 19:25:16,0,1,22.41,20,-0.12,20.715172222222225
2026-01-07 19:25:49,0,1,22.44,20,-0.12,20.748172222222223
2026-01-07 19:26:22,0,1,22.43,20,-0.12,20.73717222222222
2026-01-07 19:26:55,0,1,22.45,20,-0.12,20.759172222222226
2026-01-07 19:27:29,0,1,22.45,20,-0.12,20.759172222222226
2026-01-07 19:28:02,0,1,22.51,20,-0.12,20.82517222222223
2026-01-07 19:28:35,0,1,22.5,20,-0.12,20.814172222222226
2026-01-07 19:29:08,0,1,22.48,20,-0.12,20.792172222222224
2026-01-07 19:29:44,0,1,22.58,20,-0.12,20.902172222222227
2026-01-07 19:30:19,0,1,22.61,20,-0.12,20.93517222222223
2026-01-07 19:30:54,0,1,22.64,20,-0.12,20.968172222222233
2026-01-07 19:31:29,0,1,22.7,20,-0.12,21.034172222222228
2026-01-07 19:32:02,0,1,22.62,20,-0.12,20.946172222222227
2026-01-07 19:32:38,0,1,22.66,20,-0.12,20.990433333333343
2026-01-07 19:33:13,0,1,22.59,20,-0.12,20.91317222222223
2026-01-07 19:33:48,0,1,22.58,20,-0.12,20.902172222222227
2026-01-07 19:34:21,0,1,22.67,20,-0.12,21.00117222222223
2026-01-07 19:34:56,0,1,22.61,20,-0.12,20.93517222222223
2026-01-07 19:35:32,0,1,22.56,20,-0.12,20.88017222222223
2026-01-07 19:36:07,0,1,22.52,20,-0.12,20.836172222222224
2026-01-07 19:36:40,0,1,22.46,20,-0.12,20.770172222222225
2026-01-07 19:37:15,0,1,22.44,20,-0.12,20.748172222222223
2026-01-07 19:37:50,0,1,22.47,20,-0.12,20.78143333333333
2026-01-07 19:38:26,0,1,22.47,20,-0.12,20.78143333333333
2026-01-07 19:39:01,0,1,22.43,20,-0.12,20.73743333333333
2026-01-07 19:39:34,0,1,22.42,20,-0.12,20.726433333333325
2026-01-07 19:40:09,0,1,22.38,20,-0.12,20.682433333333325
2026-01-07 19:40:44,0,1,22.35,20,-0.12,20.649433333333334
2026-01-07 19:41:20,0,1,22.47,20,-0.12,20.78143333333333
2026-01-07 19:41:55,0,1,22.46,20,-0.12,20.770433333333333
2026-01-07 19:42:30,0,1,22.43,20,-0.12,20.73743333333333
2026-01-07 19:43:03,0,1,22.39,20,-0.12,20.693433333333328
2026-01-07 19:43:38,0,1,22.37,20,-0.12,20.67143333333334
2026-01-07 19:44:13,0,1,22.4,20,-0.12,20.70443333333333
2026-01-07 19:44:49,0,1,22.41,20,-0.12,20.715433333333333
2026-01-07 19:45:23,0,1,22.37,20,-0.12,20.67143333333334
2026-01-07 19:45:56,0,1,22.37,20,-0.12,20.67143333333334
2026-01-07 19:46:29,0,1,22.59,20,-0.12,20.91317222222223
2026-01-07 19:47:03,0,1,22.53,20,-0.12,20.84743333333333
2026-01-07 19:47:36,0,1,22.6,20,-0.12,20.924172222222232
2026-01-07 19:48:09,0,1,22.65,20,-0.12,20.979172222222218
2026-01-07 19:48:44,0,1,22.64,20,-0.12,20.968172222222233
2026-01-07 19:49:18,0,1,22.66,20,-0.12,20.990172222222235
2026-01-07 19:49:51,0,1,22.68,20,-0.12,21.01217222222223
2026-01-07 19:50:24,0,1,22.7,20,-0.12,21.034172222222228
2026-01-07 19:50:57,0,1,22.71,20,-0.12,21.04517222222222
2026-01-07 19:51:33,0,1,22.72,20,-0.12,21.05617222222223
2026-01-07 19:52:08,0,1,22.71,20,-0.12,21.04517222222222
2026-01-07 19:52:43,0,1,22.71,20,-0.12,21.04517222222222
2026-01-07 19:53:16,0,1,22.7,20,0.65,21.034172222222228
2026-01-07 19:53:51,0,1,22.72,20,0.65,21.05617222222223
2026-01-07 19:54:27,0,1,22.74,20,0.65,21.078172222222218
2026-01-07 19:55:00,0,1,22.76,20,0.65,21.10017222222223
2026-01-07 19:55:35,0,1,22.78,20,0.65,21.122172222222236
2026-01-07 19:56:10,0,1,22.81,20,0.65,21.155172222222216
2026-01-07 19:56:45,0,1,22.84,20,0.65,21.188172222222224
2026-01-07 19:57:21,0,1,22.86,20,0.65,21.21017222222222
2026-01-07 19:57:56,0,1,22.88,20,0.65,21.232172222222225
2026-01-07 19:58:31,0,1,22.89,20,0.65,21.243172222222224
2026-01-07 19:59:04,0,1,22.9,20,0.65,21.254172222222227
2026-01-07 19:59:39,0,1,22.88,20,0.65,21.232172222222225
2026-01-07 20:00:15,0,1,22.91,20,0.65,21.265172222222223
2026-01-07 20:00:50,0,1,22.92,20,0.65,21.276172222222225
2026-01-07 20:01:25,0,1,22.94,20,0.65,21.298172222222227
2026-01-07 20:02:00,0,1,22.92,20,0.65,21.276172222222225
2026-01-07 20:02:35,0,1,22.94,20,0.65,21.298172222222227
2026-01-07 20:03:10,0,1,22.93,20,0.65,21.287172222222225
2026-01-07 20:03:44,0,1,22.93,20,0.65,21.287172222222225
2026-01-07 20:04:17,0,1,22.95,20,0.65,21.30917222222223
2026-01-07 20:04:50,0,1,22.93,20,0.65,21.287172222222225
2026-01-07 20:05:25,0,1,22.94,20,0.65,21.298172222222227
2026-01-07 20:05:59,0,1,22.96,20,0.65,21.320172222222222
2026-01-07 20:06:32,0,1,22.91,20,0.65,21.265172222222223
2026-01-07 20:07:08,0,1,22.93,20,0.65,21.287172222222225
2026-01-07 20:07:41,0,1,22.92,20,0.65,21.276172222222225
2026-01-07 20:08:16,0,1,22.94,20,0.65,21.298172222222227
2026-01-07 20:08:51,0,1,22.95,20,0.65,21.30917222222223
2026-01-07 20:09:27,0,1,22.97,20,0.65,21.331172222222225
2026-01-07 20:10:02,0,1,22.96,20,0.65,21.320172222222222
2026-01-07 20:10:41,0,1,22.97,20,0.65,21.331172222222225
2026-01-07 20:11:16,0,1,22.99,20,0.65,21.35317222222223
2026-01-07 20:11:51,0,1,22.98,20,0.65,21.342172222222228
2026-01-07 20:12:24,0,1,22.97,20,0.65,21.331172222222225
2026-01-07 20:12:58,0,1,22.99,20,0.65,21.35317222222223
2026-01-07 20:13:33,0,1,22.97,20,0.65,21.331172222222225
2026-01-07 20:14:08,0,1,23,20,0.65,21.364172222222233
2026-01-07 20:14:43,0,1,22.99,20,0.65,21.35317222222223
2026-01-07 20:15:16,0,1,22.99,20,0.65,21.35317222222223
2026-01-07 20:15:52,0,1,22.95,20,0.65,21.30917222222223
2026-01-07 20:16:27,0,1,22.97,20,0.65,21.331172222222225
2026-01-07 20:17:03,0,1,22.98,20,0.65,21.342172222222228
2026-01-07 20:17:36,0,1,22.97,20,0.65,21.331172222222225
2026-01-07 20:18:11,0,1,22.96,20,0.65,21.320172222222222
2026-01-07 20:18:46,0,1,22.96,20,0.65,21.320172222222222
2026-01-07 20:19:20,0,1,22.97,20,0.65,21.331172222222225
2026-01-07 20:19:55,0,1,22.97,20,0.65,21.331172222222225
2026-01-07 20:20:30,0,1,22.99,20,0.65,21.35317222222223
2026-01-07 20:21:05,0,1,22.97,20,0.65,21.331172222222225
2026-01-07 20:21:40,0,1,22.97,20,0.65,21.331172222222225
2026-01-07 20:22:16,0,1,22.96,20,0.65,21.320172222222222
2026-01-07 20:22:51,0,1,22.94,20,0.65,21.298172222222227
2026-01-07 20:23:26,0,1,22.96,20,0.71,21.320172222222222
2026-01-07 20:24:01,0,1,22.94,20,0.71,21.298172222222227
2026-01-07 20:24:34,0,1,22.92,20,0.71,21.276172222222225
2026-01-07 20:25:10,0,1,22.91,20,0.71,21.265172222222223
2026-01-07 20:25:43,0,1,22.92,20,0.71,21.276172222222225
2026-01-07 20:26:18,0,1,22.91,20,0.71,21.265172222222223
2026-01-07 20:26:57,0,1,22.92,20,0.71,21.276172222222225
2026-01-07 20:27:32,0,1,22.92,20,0.71,21.276172222222225
2026-01-07 20:28:05,0,1,22.91,20,0.71,21.265172222222223
2026-01-07 20:28:41,0,1,22.91,20,0.71,21.265172222222223
2026-01-07 20:29:16,0,1,22.92,20,0.71,21.276172222222225
2026-01-07 20:29:51,0,1,22.91,20,0.71,21.265172222222223
2026-01-07 20:30:26,0,1,22.9,20,0.71,21.254172222222227
2026-01-07 20:30:59,0,1,22.88,20,0.71,21.232172222222225
2026-01-07 20:31:35,0,1,22.86,20,0.71,21.21017222222222
2026-01-07 20:32:10,0,1,22.9,20,0.71,21.254172222222227
2026-01-07 20:32:45,0,1,22.89,20,0.71,21.243172222222224
2026-01-07 20:33:20,0,1,22.89,20,0.71,21.243172222222224
2026-01-07 20:33:55,0,1,22.85,20,0.71,21.199172222222227
2026-01-07 20:34:28,0,1,22.86,20,0.71,21.21017222222222
2026-01-07 20:35:04,0,1,22.83,20,0.71,21.17717222222222
2026-01-07 20:35:39,0,1,22.87,20,0.71,21.221172222222222
2026-01-07 20:36:14,0,1,22.84,20,0.71,21.188172222222224
2026-01-07 20:36:47,0,1,22.81,20,0.71,21.155172222222216
2026-01-07 20:37:22,0,1,22.8,20,0.71,21.144172222222224
2026-01-07 20:37:58,0,1,22.78,20,0.71,21.122172222222236
2026-01-07 20:38:33,0,1,22.77,20,0.71,21.11117222222222
2026-01-07 20:39:08,0,1,22.8,20,0.71,21.144172222222224
2026-01-07 20:39:43,0,1,22.81,20,0.71,21.155172222222216
2026-01-07 20:40:16,0,1,22.8,20,0.71,21.144172222222224
2026-01-07 20:40:50,0,1,22.81,20,0.71,21.155172222222216
2026-01-07 20:41:23,0,1,22.79,20,0.71,21.13317222222222
2026-01-07 20:41:58,0,1,22.76,20,0.71,21.10017222222223
2026-01-07 20:42:33,0,1,22.8,20,0.71,21.144172222222224
2026-01-07 20:43:08,0,1,22.79,20,0.71,21.13317222222222
2026-01-07 20:43:44,0,1,22.79,20,0.71,21.13317222222222
2026-01-07 20:44:19,0,1,22.78,20,0.71,21.122172222222236
2026-01-07 20:44:54,0,1,22.76,20,0.71,21.10017222222223
2026-01-07 20:45:29,0,1,22.77,20,0.71,21.11117222222222
2026-01-07 20:46:02,0,1,22.74,20,0.71,21.078172222222218
2026-01-07 20:46:38,0,1,22.72,20,0.71,21.05617222222223
2026-01-07 20:47:11,0,1,22.72,20,0.71,21.05617222222223
2026-01-07 20:47:44,0,1,22.71,20,0.71,21.04517222222222
2026-01-07 20:48:19,0,1,22.69,20,0.71,21.023172222222232
2026-01-07 20:48:54,0,1,22.69,20,0.71,21.023172222222232
2026-01-07 20:49:30,0,1,22.68,20,0.71,21.01217222222223
2026-01-07 20:50:05,0,1,22.68,20,0.71,21.01217222222223
2026-01-07 20:50:40,0,1,22.67,20,0.71,21.00117222222223
2026-01-07 20:51:13,0,1,22.65,20,0.71,20.979172222222218
2026-01-07 20:51:48,0,1,22.64,20,0.71,20.968172222222233
2026-01-07 20:52:24,0,1,22.65,20,0.71,20.979172222222218
2026-01-07 20:52:59,0,1,22.64,20,0.71,20.968172222222233
2026-01-07 20:53:34,0,1,22.65,20,0.71,20.979172222222218
2026-01-07 20:54:13,0,1,22.62,20,0.71,20.946172222222227
2026-01-07 20:54:48,0,1,22.62,20,0.71,20.946172222222227
2026-01-07 20:55:21,0,1,22.63,20,0.71,20.95717222222223
2026-01-07 20:55:57,0,1,22.62,20,0.71,20.946172222222227
2026-01-07 20:56:31,0,1,22.6,20,0.71,20.924172222222232
2026-01-07 20:57:06,0,1,22.59,20,0.71,20.91317222222223
2026-01-07 20:57:41,0,1,22.59,20,0.71,20.91317222222223
2026-01-07 20:58:14,0,1,22.57,20,0.72,20.891172222222224
2026-01-07 20:58:50,0,1,22.58,20,0.72,20.902172222222227
2026-01-07 20:59:25,0,1,22.58,20,0.72,20.902172222222227
2026-01-07 21:00:00,0,1,22.57,20,0.72,20.891172222222224
2026-01-07 21:00:35,0,1,22.55,20,0.72,20.86917222222223
2026-01-07 21:01:10,0,1,22.56,20,0.72,20.88017222222223
2026-01-07 21:01:45,0,1,22.52,20,0.72,20.836172222222224
2026-01-07 21:02:21,0,1,22.51,20,0.72,20.82517222222223
2026-01-07 21:02:54,0,1,22.48,20,0.72,20.792172222222224
2026-01-07 21:03:27,0,1,22.49,20,0.72,20.803172222222226
2026-01-07 21:04:02,0,1,22.48,20,0.72,20.792172222222224
2026-01-07 21:04:37,0,1,22.49,20,0.72,20.803172222222226
2026-01-07 21:05:13,0,1,22.47,20,0.72,20.78117222222222
2026-01-07 21:05:46,0,1,22.45,20,0.72,20.759172222222226
2026-01-07 21:06:21,0,1,22.44,20,0.72,20.748172222222223
2026-01-07 21:06:56,0,1,22.45,20,0.72,20.759172222222226
2026-01-07 21:07:31,0,1,22.44,20,0.72,20.748172222222223
2026-01-07 21:08:05,0,1,22.4,20,0.72,20.704172222222223
2026-01-07 21:08:38,0,1,22.41,20,0.72,20.715172222222225
2026-01-07 21:09:11,0,1,22.41,20,0.72,20.715172222222225
2026-01-07 21:09:44,0,1,22.4,20,0.72,20.704172222222223
2026-01-07 21:10:20,0,1,22.37,20,0.72,20.671172222222232
2026-01-07 21:10:55,0,1,22.39,20,0.72,20.69317222222222
2026-01-07 21:11:30,0,1,22.37,20,0.72,20.671172222222232
2026-01-07 21:12:09,0,1,22.34,20,0.72,20.638172222222227
2026-01-07 21:12:42,0,1,22.34,20,0.72,20.638172222222227
2026-01-07 21:13:15,0,1,22.33,20,0.72,20.627172222222217
2026-01-07 21:13:51,0,1,22.31,20,0.72,20.60517222222223
2026-01-07 21:14:24,0,1,22.29,20,0.72,20.58317222222223
2026-01-07 21:14:59,0,1,22.31,20,0.72,20.60517222222223
2026-01-07 21:15:34,0,1,22.29,20,0.72,20.58317222222223
2026-01-07 21:16:08,0,1,22.27,20,0.72,20.56117222222223
2026-01-07 21:16:41,0,1,22.26,20,0.72,20.550172222222233
2026-01-07 21:17:16,0,1,22.25,20,0.72,20.53943333333334
2026-01-07 21:17:51,0,1,22.24,20,0.72,20.52817222222222
2026-01-07 21:18:26,0,1,22.22,20,0.86,20.506172222222233
2026-01-07 21:19:02,0,1,22.21,20,0.86,20.495172222222234
2026-01-07 21:19:37,0,1,22.21,20,0.86,20.495172222222234
2026-01-07 21:20:12,0,1,22.2,20,0.86,20.48417222222223
2026-01-07 21:20:47,0,1,22.19,20,0.86,20.473172222222228
2026-01-07 21:21:20,0,1,22.16,20,0.86,20.44017222222223
2026-01-07 21:21:55,0,1,22.15,20,0.86,20.429433333333336
2026-01-07 21:22:31,0,1,22.14,20,0.86,20.418433333333333
2026-01-07 21:23:06,0,1,22.12,20,0.86,20.396433333333338
2026-01-07 21:23:42,0,1,22.12,20,0.86,20.396433333333338
2026-01-07 21:24:15,0,1,22.08,20,0.86,20.35243333333333
2026-01-07 21:24:48,0,1,22.07,20,0.86,20.341433333333335
2026-01-07 21:25:23,0,1,22.08,20,0.86,20.35243333333333
2026-01-07 21:25:57,0,1,22.04,20,0.86,20.30843333333333
2026-01-07 21:26:32,0,1,22.05,20,0.86,20.319433333333333
2026-01-07 21:27:07,0,1,22.02,20,0.86,20.28643333333333
2026-01-07 21:27:42,0,1,22.02,20,0.86,20.28643333333333
2026-01-07 21:28:15,0,1,22,20,0.86,20.26443333333333
2026-01-07 21:28:51,0,1,21.97,20,0.86,20.23143333333333
2026-01-07 21:29:26,0,1,21.9,20,0.86,20.15443333333334
2026-01-07 21:30:01,0,1,21.88,20,0.86,20.132433333333335
2026-01-07 21:30:36,0,1,21.82,20,0.86,20.06643333333334
2026-01-07 21:31:11,0,1,21.77,20,0.86,20.01143333333334
2026-01-07 21:31:46,0,1,21.64,20,0.86,19.868694444444444
2026-01-07 21:32:23,0,1,21.55,20,0.86,19.769433333333325
2026-01-07 21:32:58,0,1,21.5,20,0.86,19.714433333333332
2026-01-07 21:33:33,1,1,21.4,20,0.86,19.604694444444444
2026-01-07 21:34:08,1,1,21.34,20,0.86,19.538694444444456
2026-01-07 21:34:41,1,1,21.27,20,0.86,19.461694444444447
2026-01-07 21:35:17,1,1,21.21,20,0.86,19.395694444444445
2026-01-07 21:35:52,1,1,21.14,20,0.86,19.318694444444446
2026-01-07 21:36:27,1,1,21.09,20,0.86,19.263694444444443
2026-01-07 21:37:02,1,1,21.03,20,0.86,19.197694444444455
2026-01-07 21:37:37,1,1,21.03,20,0.86,19.197694444444455
2026-01-07 21:38:12,1,1,21.04,20,0.86,19.20869444444445
2026-01-07 21:38:46,1,1,21.07,20,0.86,19.241694444444448
2026-01-07 21:39:19,1,1,21.09,20,0.86,19.263694444444443
2026-01-07 21:39:54,1,1,21.09,20,0.86,19.263694444444443
2026-01-07 21:40:27,1,1,21.11,20,0.86,19.28569444444444
2026-01-07 21:41:03,1,1,21.08,20,0.86,19.25269444444444
2026-01-07 21:41:38,1,1,21.09,20,0.86,19.263694444444443
2026-01-07 21:42:13,1,1,21.13,20,0.86,19.307694444444444
2026-01-07 21:42:46,1,1,21.13,20,0.86,19.307694444444444
2026-01-07 21:43:21,1,1,21.15,20,0.86,19.32969444444444
2026-01-07 21:43:54,1,1,21.11,20,0.86,19.28569444444444
2026-01-07 21:44:30,1,1,21.1,20,0.86,19.274694444444453
2026-01-07 21:45:05,1,1,21.1,20,0.86,19.274694444444453
2026-01-07 21:45:40,1,1,21.11,20,0.86,19.28569444444444
2026-01-07 21:46:13,1,1,21.11,20,0.86,19.28569444444444
2026-01-07 21:46:48,1,1,21.11,20,0.86,19.28569444444444
2026-01-07 21:47:22,1,1,21.13,20,0.86,19.307694444444444
2026-01-07 21:47:55,1,1,21.12,20,0.86,19.29669444444446
2026-01-07 21:48:30,1,1,21.09,20,0.86,19.263694444444443
2026-01-07 21:49:05,1,1,21.11,20,0.86,19.28569444444444
2026-01-07 21:49:41,1,1,21.12,20,0.86,19.29669444444446
2026-01-07 21:50:16,1,1,21.13,20,0.86,19.307694444444444
2026-01-07 21:50:49,1,1,21.15,20,0.86,19.32969444444444
2026-01-07 21:51:22,1,1,21.14,20,0.86,19.318694444444446
2026-01-07 21:51:55,1,1,21.18,20,0.86,19.362694444444447
2026-01-07 21:52:31,1,1,21.18,20,0.86,19.362694444444447
2026-01-07 21:53:06,1,1,21.21,20,0.86,19.39543333333333
2026-01-07 21:53:41,1,1,21.24,20,0.86,19.42869444444445
2026-01-07 21:54:20,1,1,21.29,20,0.86,19.483433333333338
2026-01-07 21:54:55,1,1,21.28,20,0.86,19.472433333333335
2026-01-07 21:55:30,1,1,21.33,20,0.86,19.527433333333338
2026-01-07 21:56:06,1,1,21.36,20,0.86,19.560433333333336
2026-01-07 21:56:41,1,1,21.39,20,0.86,19.59343333333334
2026-01-07 21:57:16,1,1,21.41,20,0.86,19.61543333333334
2026-01-07 21:57:51,1,1,21.4,20,0.86,19.60443333333333
2026-01-07 21:58:24,1,1,21.4,20,0.86,19.60443333333333
2026-01-07 21:58:57,1,1,21.42,20,0.86,19.62643333333334
2026-01-07 21:59:31,1,1,21.44,20,0.86,19.648433333333344
2026-01-07 22:00:06,1,1,21.46,20,0.86,19.67043333333333
2026-01-07 22:00:39,1,1,21.49,20,0.86,19.703433333333322
2026-01-07 22:01:12,1,1,21.5,20,0.86,19.714433333333332
2026-01-07 22:01:48,1,1,21.52,20,0.86,19.736433333333327
2026-01-07 22:02:23,1,1,21.52,20,0.86,19.736433333333327
2026-01-07 22:02:58,1,1,21.51,20,0.86,19.725433333333342
2026-01-07 22:03:31,1,1,21.51,20,0.86,19.725433333333342
2026-01-07 22:04:04,1,1,21.53,20,0.86,19.747433333333337
2026-01-07 22:04:40,1,1,21.54,20,0.86,19.758433333333326
2026-01-07 22:05:15,1,1,21.55,20,0.86,19.769433333333325
2026-01-07 22:05:48,1,1,21.54,20,0.86,19.758433333333326
2026-01-07 22:06:23,1,1,21.56,20,0.86,19.780433333333328
2026-01-07 22:06:58,1,1,21.56,20,0.86,19.780433333333328
2026-01-07 22:07:34,1,1,21.56,20,0.86,19.780433333333328
2026-01-07 22:08:07,1,1,21.6,20,0.86,19.824433333333328
2026-01-07 22:08:40,1,1,21.6,20,0.86,19.824433333333328
2026-01-07 22:09:15,1,1,21.61,20,0.86,19.83543333333333
2026-01-07 22:09:49,1,1,21.61,20,0.86,19.83543333333333
2026-01-07 22:10:24,1,1,21.63,20,0.86,19.857433333333333
2026-01-07 22:10:59,1,1,21.63,20,0.86,19.857433333333333
2026-01-07 22:11:32,1,1,21.63,20,0.86,19.857433333333333
2026-01-07 22:12:05,1,1,21.62,20,0.86,19.846433333333334
2026-01-07 22:12:41,1,1,21.66,20,0.86,19.89043333333333
2026-01-07 22:13:14,1,1,21.66,20,0.86,19.89043333333333
2026-01-07 22:13:47,1,1,21.7,20,0.86,19.93443333333333
2026-01-07 22:14:22,1,1,21.74,20,0.86,19.97843333333333
2026-01-07 22:14:58,1,1,21.74,20,0.86,19.97843333333333
2026-01-07 22:15:33,1,1,21.73,20,0.86,19.96743333333334
2026-01-07 22:16:08,1,1,21.7,20,0.86,19.93443333333333
2026-01-07 22:16:43,1,1,21.72,20,0.86,19.956433333333337
2026-01-07 22:17:16,1,1,21.72,20,0.86,19.956433333333337
2026-01-07 22:17:50,1,1,21.73,20,0.86,19.96743333333334
2026-01-07 22:18:25,1,1,21.73,20,0.86,19.96743333333334
2026-01-07 22:19:00,1,1,21.74,20,0.86,19.97843333333333
2026-01-07 22:19:35,1,1,21.75,20,0.86,19.989433333333334
2026-01-07 22:20:10,1,1,21.75,20,0.86,19.989433333333334
2026-01-07 22:20:44,1,1,21.75,20,0.86,19.989433333333334
2026-01-07 22:21:17,1,1,21.78,20,0.86,20.02243333333334
2026-01-07 22:21:52,1,1,21.8,20,0.86,20.044433333333338
2026-01-07 22:22:27,1,1,21.79,20,0.86,20.033433333333335
2026-01-07 22:23:02,1,1,21.8,20,0.86,20.04417222222223
2026-01-07 22:23:38,1,1,21.82,20,0.86,20.06617222222223
2026-01-07 22:24:11,1,1,21.79,20,0.86,20.033433333333335
2026-01-07 22:24:46,1,1,21.82,20,0.86,20.06643333333334
2026-01-07 22:25:21,1,1,21.8,20,0.86,20.044433333333338
2026-01-07 22:25:54,1,1,21.77,20,0.86,20.01143333333334
2026-01-07 22:26:30,1,1,21.78,20,0.86,20.02243333333334
2026-01-07 22:27:05,1,1,21.77,20,0.86,20.01143333333334
2026-01-07 22:27:40,1,1,21.83,20,0.86,20.077433333333328
2026-01-07 22:28:15,1,1,21.79,20,0.86,20.033433333333335
2026-01-07 22:28:50,1,1,21.8,20,0.86,20.044433333333338
2026-01-07 22:29:23,1,1,21.8,20,0.86,20.044433333333338
2026-01-07 22:29:59,1,1,21.8,20,0.86,20.044433333333338
2026-01-07 22:30:32,1,1,21.77,20,0.86,20.01143333333334
2026-01-07 22:31:05,1,1,21.81,20,0.86,20.055433333333323
2026-01-07 22:31:41,1,1,21.8,20,0.86,20.044433333333338
2026-01-07 22:32:16,1,1,21.8,20,0.86,20.044433333333338
2026-01-07 22:32:51,1,1,21.81,20,0.86,20.055433333333323
2026-01-07 22:33:25,1,1,21.8,20,0.86,20.044433333333338
2026-01-07 22:34:00,1,1,21.81,20,0.86,20.055433333333323
2026-01-07 22:34:35,1,1,21.84,20,0.86,20.08817222222223
2026-01-07 22:35:10,1,1,21.84,20,0.86,20.08817222222223
2026-01-07 22:35:45,1,1,21.81,20,0.86,20.055172222222215
2026-01-07 22:36:20,1,1,21.84,20,0.86,20.08817222222223
2026-01-07 22:36:56,1,1,21.85,20,0.86,20.099172222222233
2026-01-07 22:37:29,1,1,21.85,20,0.86,20.099172222222233
2026-01-07 22:38:04,1,1,21.87,20,0.86,20.12117222222222
2026-01-07 22:38:37,1,1,21.88,20,0.84,20.13217222222223
2026-01-07 22:39:13,1,1,21.89,20,0.84,20.143172222222223
2026-01-07 22:39:48,1,1,21.87,20,0.84,20.12117222222222
2026-01-07 22:40:23,1,1,21.87,20,0.84,20.12117222222222
2026-01-07 22:40:58,1,1,21.89,20,0.84,20.143172222222223
2026-01-07 22:41:31,1,1,21.91,20,0.84,20.16517222222222
2026-01-07 22:42:06,1,1,21.86,20,0.84,20.110172222222225
2026-01-07 22:42:42,1,1,21.82,20,0.84,20.06617222222223
2026-01-07 22:43:16,1,1,21.85,20,0.84,20.099172222222233
2026-01-07 22:43:49,1,1,21.83,20,0.84,20.07717222222222
2026-01-07 22:44:24,1,1,21.85,20,0.84,20.099172222222233
2026-01-07 22:44:59,1,1,21.84,20,0.84,20.08817222222223
2026-01-07 22:45:34,1,1,21.85,20,0.84,20.099172222222233
2026-01-07 22:46:08,1,1,21.89,20,0.84,20.143172222222223
2026-01-07 22:46:44,1,1,21.88,20,0.84,20.13217222222223
2026-01-07 22:47:17,1,1,21.85,20,0.84,20.099172222222233
2026-01-07 22:47:52,1,1,21.87,20,0.84,20.12117222222222
2026-01-07 22:48:27,1,1,21.87,20,0.84,20.12117222222222
2026-01-07 22:49:00,1,1,21.87,20,0.84,20.12117222222222
2026-01-07 22:49:33,1,1,21.89,20,0.84,20.143172222222223
2026-01-07 22:50:09,1,1,21.9,20,0.84,20.154172222222233
2026-01-07 22:50:44,1,1,21.88,20,0.84,20.13217222222223
2026-01-07 22:51:17,1,1,21.91,20,0.84,20.16517222222222
2026-01-07 22:51:50,1,1,21.87,20,0.84,20.12117222222222
2026-01-07 22:52:24,1,1,21.84,20,0.84,20.08817222222223
2026-01-07 22:52:59,1,1,21.88,20,0.84,20.13217222222223
2026-01-07 22:53:34,1,1,21.87,20,0.84,20.12117222222222
2026-01-07 22:54:09,1,1,21.87,20,0.84,20.12117222222222
2026-01-07 22:54:44,1,1,21.87,20,0.84,20.12117222222222
2026-01-07 22:55:18,1,1,21.84,20,0.84,20.08817222222223
2026-01-07 22:55:53,1,1,21.85,20,0.84,20.099172222222233
2026-01-07 22:56:28,1,1,21.87,20,0.84,20.12117222222222
2026-01-07 22:57:03,1,1,21.86,20,0.84,20.110172222222225
2026-01-07 22:57:36,1,1,21.91,20,0.84,20.16517222222222
2026-01-07 22:58:12,1,1,21.93,20,0.84,20.187172222222223
2026-01-07 22:58:47,1,1,21.93,20,0.84,20.187172222222223
2026-01-07 22:59:20,1,1,21.9,20,0.84,20.154172222222233
2026-01-07 22:59:55,1,1,21.95,20,0.84,20.209172222222218
2026-01-07 23:00:30,1,1,21.92,20,0.84,20.17617222222223
2026-01-07 23:01:03,1,1,21.9,20,0.84,20.154172222222233
2026-01-07 23:01:39,1,1,21.85,20,0.84,20.099172222222233
2026-01-07 23:02:13,1,1,21.87,20,0.84,20.12117222222222
2026-01-07 23:02:48,1,1,21.87,20,0.84,20.12117222222222
2026-01-07 23:03:24,1,1,21.89,20,0.84,20.143172222222223
2026-01-07 23:03:59,1,1,21.88,20,0.84,20.13217222222223
2026-01-07 23:04:34,1,1,21.87,20,0.84,20.12117222222222
2026-01-07 23:05:09,1,1,21.87,20,0.84,20.12117222222222
2026-01-07 23:05:44,1,1,21.86,20,0.84,20.110172222222225
2026-01-07 23:06:19,1,1,21.84,20,0.84,20.08817222222223
2026-01-07 23:06:55,1,1,21.83,20,0.84,20.07717222222222
2026-01-07 23:07:30,1,1,21.87,20,0.84,20.12117222222222
2026-01-07 23:08:05,1,1,21.9,20,0.84,20.154172222222233
2026-01-07 23:08:40,1,1,21.85,20,0.84,20.099172222222233
2026-01-07 23:09:15,1,1,21.86,20,0.84,20.110172222222225
2026-01-07 23:09:48,1,1,21.87,20,0.84,20.12117222222222
2026-01-07 23:10:24,1,1,21.88,20,0.84,20.13217222222223
2026-01-07 23:11:03,1,1,21.87,20,0.84,20.12117222222222
2026-01-07 23:11:38,1,1,21.9,20,0.84,20.154172222222233
2026-01-07 23:12:13,1,1,21.9,20,0.84,20.154172222222233
2026-01-07 23:12:48,1,1,21.87,20,0.84,20.12117222222222
2026-01-07 23:13:21,1,1,21.87,20,0.84,20.12117222222222
2026-01-07 23:13:57,1,1,21.84,20,0.84,20.08817222222223
2026-01-07 23:14:32,1,1,21.85,20,0.84,20.099172222222233
2026-01-07 23:15:07,1,1,21.91,20,0.84,20.16517222222222
2026-01-07 23:15:42,1,1,21.94,20,0.84,20.198172222222233
2026-01-07 23:16:17,1,1,21.91,20,0.84,20.16517222222222
2026-01-07 23:16:51,1,1,21.91,20,0.84,20.16517222222222
2026-01-07 23:17:24,1,1,21.93,20,0.84,20.187172222222223
2026-01-07 23:17:59,1,1,21.9,20,0.84,20.154172222222233
2026-01-07 23:18:34,1,1,21.91,20,0.84,20.16517222222222
2026-01-07 23:19:09,1,1,21.87,20,0.84,20.12117222222222
2026-01-07 23:19:43,1,1,21.85,20,0.84,20.099172222222233
2026-01-07 23:20:18,1,1,21.84,20,0.84,20.08817222222223
2026-01-07 23:20:51,1,1,21.83,20,0.84,20.07717222222222
2026-01-07 23:21:26,1,1,21.86,20,0.84,20.110172222222225
2026-01-07 23:22:01,1,1,21.87,20,0.84,20.12117222222222
2026-01-07 23:22:37,1,1,21.88,20,0.84,20.13217222222223
2026-01-07 23:23:12,1,1,21.84,20,0.84,20.08817222222223
2026-01-07 23:23:47,1,1,21.85,20,0.71,20.099172222222233
2026-01-07 23:24:22,1,1,21.85,20,0.71,20.099172222222233
2026-01-07 23:24:55,1,1,21.82,20,0.71,20.06617222222223
2026-01-07 23:25:31,1,1,21.84,20,0.71,20.08817222222223
2026-01-07 23:26:04,1,1,21.83,20,0.71,20.07717222222222
2026-01-07 23:26:39,1,1,21.85,20,0.71,20.099172222222233
2026-01-07 23:27:14,1,1,21.83,20,0.71,20.07717222222222
2026-01-07 23:27:49,1,1,21.84,20,0.71,20.08817222222223
2026-01-07 23:28:22,1,1,21.83,20,0.71,20.07717222222222
2026-01-07 23:28:58,1,1,21.82,20,0.71,20.06617222222223
2026-01-07 23:29:31,1,1,21.81,20,0.71,20.055172222222215
2026-01-07 23:30:06,1,1,21.85,20,0.71,20.099172222222233
2026-01-07 23:30:41,1,1,21.84,20,0.71,20.08817222222223
2026-01-07 23:31:16,1,1,21.82,20,0.71,20.06617222222223
2026-01-07 23:31:52,1,1,21.88,20,0.71,20.13217222222223
2026-01-07 23:32:27,1,1,21.84,20,0.71,20.08817222222223
2026-01-07 23:33:00,1,1,21.82,20,0.71,20.06617222222223
2026-01-07 23:33:33,1,1,21.79,20,0.71,20.033172222222227
2026-01-07 23:34:09,1,1,21.82,20,0.71,20.06617222222223
2026-01-07 23:34:44,1,1,21.85,20,0.71,20.099172222222233
2026-01-07 23:35:19,1,1,21.84,20,0.71,20.08817222222223
2026-01-07 23:35:54,1,1,21.8,20,0.71,20.04417222222223
2026-01-07 23:36:27,1,1,21.82,20,0.71,20.06617222222223
2026-01-07 23:37:00,1,1,21.83,20,0.71,20.07717222222222
2026-01-07 23:37:36,1,1,21.83,20,0.71,20.07717222222222
2026-01-07 23:38:09,1,1,21.8,20,0.71,20.04417222222223
2026-01-07 23:38:44,1,1,21.82,20,0.71,20.06617222222223
2026-01-07 23:39:17,1,1,21.76,20,0.71,20.00017222222223
2026-01-07 23:39:51,1,1,21.77,20,0.71,20.011172222222232
2026-01-07 23:40:26,1,1,21.83,20,0.71,20.07717222222222
2026-01-07 23:41:01,1,1,21.81,20,0.71,20.055172222222215
2026-01-07 23:41:36,1,1,21.82,20,0.71,20.06617222222223
2026-01-07 23:42:09,1,1,21.84,20,0.71,20.08817222222223
2026-01-07 23:42:45,1,1,21.85,20,0.71,20.099172222222233
2026-01-07 23:43:20,1,1,21.83,20,0.71,20.07717222222222
2026-01-07 23:43:55,1,1,21.84,20,0.71,20.08817222222223
2026-01-07 23:44:28,1,1,21.83,20,0.71,20.07717222222222
2026-01-07 23:45:03,1,1,21.86,20,0.71,20.110172222222225
2026-01-07 23:45:37,1,1,21.83,20,0.71,20.07717222222222
2026-01-07 23:46:10,1,1,21.82,20,0.71,20.06617222222223
2026-01-07 23:46:45,1,1,21.83,20,0.71,20.07717222222222
2026-01-07 23:47:18,1,1,21.82,20,0.71,20.06617222222223
2026-01-07 23:47:57,1,1,21.8,20,0.71,20.04417222222223
2026-01-07 23:48:33,1,1,21.8,20,0.71,20.04417222222223
2026-01-07 23:49:08,1,1,21.78,20,0.71,20.022172222222235
2026-01-07 23:49:41,1,1,21.77,20,0.71,20.011172222222232
2026-01-07 23:50:14,1,1,21.8,20,0.71,20.04417222222223
2026-01-07 23:50:49,1,1,21.8,20,0.71,20.04417222222223
2026-01-07 23:51:23,1,1,21.78,20,0.71,20.022172222222235
2026-01-07 23:51:58,1,1,21.8,20,0.71,20.04417222222223
2026-01-07 23:52:31,1,1,21.77,20,0.71,20.011172222222232
2026-01-07 23:53:04,1,1,21.84,20,0.71,20.08817222222223
2026-01-07 23:53:39,1,1,21.81,20,0.71,20.055172222222215
2026-01-07 23:54:15,1,1,21.82,20,0.71,20.06617222222223
2026-01-07 23:54:48,1,1,21.84,20,0.71,20.08817222222223
2026-01-07 23:55:21,1,1,21.82,20,0.71,20.06617222222223
2026-01-07 23:55:56,1,1,21.81,20,0.71,20.055172222222215
2026-01-07 23:56:29,1,1,21.78,20,0.71,20.022172222222235
2026-01-07 23:57:05,1,1,21.76,20,0.71,20.00017222222223
2026-01-07 23:57:38,1,1,21.71,20,0.71,19.945172222222226
2026-01-07 23:58:11,1,1,21.7,20,0.71,19.934172222222227
2026-01-07 23:58:46,1,1,21.7,20,0.71,19.934172222222227
2026-01-07 23:59:20,1,1,21.69,20,0.71,19.923172222222224
2026-01-07 23:59:55,1,1,21.76,20,0.71,20.00017222222223
2026-01-08 00:00:28,1,1,21.71,20,0.71,19.945172222222226
2026-01-08 00:01:03,1,1,21.74,20,0.71,19.978172222222224
2026-01-08 00:01:38,1,1,21.73,20,0.71,19.96717222222223
2026-01-08 00:02:13,1,1,21.75,20,0.71,19.989172222222226
2026-01-08 00:02:49,1,1,21.78,20,0.71,20.022172222222235
2026-01-08 00:03:24,1,1,21.77,20,0.71,20.011172222222232
2026-01-08 00:03:57,1,1,21.79,20,0.71,20.033172222222227
2026-01-08 00:04:32,1,1,21.77,20,0.71,20.011172222222232
2026-01-08 00:05:07,1,1,21.76,20,0.71,20.00017222222223
2026-01-08 00:05:43,1,1,21.76,20,0.71,20.00017222222223
2026-01-08 00:06:16,1,1,21.77,20,0.71,20.011172222222232
2026-01-08 00:06:51,1,1,21.77,20,0.71,20.011172222222232
2026-01-08 00:07:24,1,1,21.77,20,0.71,20.011172222222232
2026-01-08 00:07:57,1,1,21.76,20,0.71,20.00017222222223
2026-01-08 00:08:31,1,1,21.75,20,0.71,19.989172222222226
2026-01-08 00:09:06,1,1,21.72,20,0.71,19.95617222222223
2026-01-08 00:09:41,1,1,21.72,20,0.71,19.95617222222223
2026-01-08 00:10:16,1,1,21.77,20,0.71,20.011172222222232
2026-01-08 00:10:52,1,1,21.74,20,0.71,19.978172222222224
2026-01-08 00:11:27,1,1,21.74,20,0.71,19.978172222222224
2026-01-08 00:12:02,1,1,21.73,20,0.71,19.96717222222223
2026-01-08 00:12:35,1,1,21.77,20,0.71,20.011172222222232
2026-01-08 00:13:10,1,1,21.78,20,0.71,20.022172222222235
2026-01-08 00:13:46,1,1,21.77,20,0.71,20.011172222222232
2026-01-08 00:14:19,1,1,21.78,20,0.71,20.022172222222235
2026-01-08 00:14:52,1,1,21.76,20,0.71,20.00017222222223
2026-01-08 00:15:27,1,1,21.76,20,0.71,20.00017222222223
2026-01-08 00:16:03,1,1,21.75,20,0.71,19.989172222222226
2026-01-08 00:16:38,1,1,21.71,20,0.71,19.945172222222226
2026-01-08 00:17:11,1,1,21.73,20,0.71,19.96717222222223
2026-01-08 00:17:46,1,1,21.73,20,0.71,19.96717222222223
2026-01-08 00:18:21,1,1,21.69,20,0.71,19.923172222222224
2026-01-08 00:18:57,1,1,21.68,20,0.71,19.912172222222228
2026-01-08 00:19:30,1,1,21.69,20,0.71,19.923172222222224
2026-01-08 00:20:03,1,1,21.68,20,0.71,19.912172222222228
2026-01-08 00:20:36,1,1,21.69,20,0.71,19.923172222222224
2026-01-08 00:21:12,1,1,21.67,20,0.71,19.901172222222225
2026-01-08 00:21:47,1,1,21.7,20,0.71,19.934172222222227
2026-01-08 00:22:22,1,1,21.68,20,0.71,19.912172222222228
2026-01-08 00:22:55,1,1,21.7,20,0.71,19.934172222222227
2026-01-08 00:23:28,1,1,21.71,20,0.71,19.945172222222226
2026-01-08 00:24:04,1,1,21.75,20,0.71,19.989172222222226
2026-01-08 00:24:39,1,1,21.73,20,0.71,19.96717222222223
2026-01-08 00:25:12,1,1,21.7,20,0.71,19.934172222222227
2026-01-08 00:25:47,1,1,21.72,20,0.71,19.95617222222223
2026-01-08 00:26:22,1,1,21.72,20,0.71,19.95617222222223
2026-01-08 00:26:57,1,1,21.71,20,0.71,19.945172222222226
2026-01-08 00:27:33,1,1,21.72,20,0.71,19.95617222222223
2026-01-08 00:28:06,1,1,21.69,20,0.71,19.923172222222224
2026-01-08 00:28:39,1,1,21.71,20,0.71,19.945172222222226
2026-01-08 00:29:14,1,1,21.69,20,0.71,19.923172222222224
2026-01-08 00:29:47,1,1,21.73,20,0.71,19.96717222222223
2026-01-08 00:30:27,1,1,21.73,20,0.71,19.96717222222223
2026-01-08 00:31:02,1,1,21.74,20,0.71,19.978172222222224
2026-01-08 00:31:37,1,1,21.74,20,0.71,19.978172222222224
2026-01-08 00:32:10,1,1,21.7,20,0.71,19.934172222222227
2026-01-08 00:32:43,1,1,21.74,20,0.71,19.978172222222224
2026-01-08 00:33:17,1,1,21.74,20,0.71,19.978172222222224
2026-01-08 00:33:52,1,1,21.76,20,0.71,20.00017222222223
2026-01-08 00:34:25,1,1,21.71,20,0.71,19.945172222222226
2026-01-08 00:35:00,1,1,21.74,20,0.71,19.978172222222224
2026-01-08 00:35:33,1,1,21.7,20,0.71,19.934172222222227
2026-01-08 00:36:07,1,1,21.69,20,0.71,19.923172222222224
2026-01-08 00:36:40,1,1,21.67,20,0.71,19.901172222222225
2026-01-08 00:37:15,1,1,21.73,20,0.71,19.96717222222223
2026-01-08 00:37:48,1,1,21.69,20,0.71,19.923172222222224
2026-01-08 00:38:24,1,1,21.69,20,0.71,19.923172222222224
2026-01-08 00:38:59,1,1,21.7,20,0.71,19.934172222222227
2026-01-08 00:39:34,1,1,21.73,20,0.71,19.96717222222223
2026-01-08 00:40:09,1,1,21.7,20,0.71,19.934172222222227
2026-01-08 00:40:44,1,1,21.73,20,0.71,19.96717222222223
2026-01-08 00:41:20,1,1,21.74,20,0.71,19.978172222222224
2026-01-08 00:41:55,1,1,21.74,20,0.71,19.978172222222224
2026-01-08 00:42:30,1,1,21.73,20,0.71,19.96717222222223
2026-01-08 00:43:05,1,1,21.74,20,0.71,19.978172222222224
2026-01-08 00:43:38,1,1,21.75,20,0.71,19.989172222222226
2026-01-08 00:44:13,1,1,21.77,20,0.71,20.011172222222232
2026-01-08 00:44:49,1,1,21.75,20,0.71,19.989172222222226
2026-01-08 00:45:24,1,1,21.71,20,0.71,19.945172222222226
2026-01-08 00:45:59,1,1,21.74,20,0.71,19.978172222222224
2026-01-08 00:46:34,1,1,21.68,20,0.71,19.912172222222228
2026-01-08 00:47:09,1,1,21.68,20,0.71,19.912172222222228
2026-01-08 00:47:44,1,1,21.69,20,0.71,19.923172222222224
2026-01-08 00:48:20,1,1,21.68,20,0.71,19.912172222222228
2026-01-08 00:48:53,1,1,21.7,20,0.71,19.934172222222227
2026-01-08 00:49:28,1,1,21.75,20,0.71,19.989172222222226
2026-01-08 00:50:03,1,1,21.75,20,0.71,19.989172222222226
2026-01-08 00:50:38,1,1,21.74,20,0.71,19.978172222222224
2026-01-08 00:51:14,1,1,21.7,20,0.71,19.934172222222227
2026-01-08 00:51:49,1,1,21.75,20,0.71,19.989172222222226
2026-01-08 00:52:24,1,1,21.74,20,0.71,19.978172222222224
2026-01-08 00:52:57,1,1,21.75,20,0.71,19.989172222222226
2026-01-08 00:53:30,1,1,21.74,20,0.02,19.978172222222224
2026-01-08 00:54:06,1,1,21.74,20,0.02,19.978172222222224
2026-01-08 00:54:39,1,1,21.72,20,0.02,19.95617222222223
2026-01-08 00:55:12,1,1,21.7,20,0.02,19.934172222222227
2026-01-08 00:55:45,1,1,21.69,20,0.02,19.923172222222224
2026-01-08 00:56:20,1,1,21.73,20,0.02,19.96717222222223
2026-01-08 00:56:56,1,1,21.73,20,0.02,19.96717222222223
2026-01-08 00:57:29,1,1,21.74,20,0.02,19.978172222222224
2026-01-08 00:58:02,1,1,21.75,20,0.02,19.989172222222226
2026-01-08 00:58:37,1,1,21.76,20,0.02,20.00017222222223
2026-01-08 00:59:10,1,1,21.74,20,0.02,19.978172222222224
2026-01-08 00:59:46,1,1,21.79,20,0.02,20.033172222222227
2026-01-08 01:00:19,1,1,21.77,20,0.02,20.011172222222232
2026-01-08 01:00:52,1,1,21.76,20,0.02,20.00017222222223
2026-01-08 01:01:27,1,1,21.78,20,0.02,20.022172222222235
2026-01-08 01:02:03,1,1,21.74,20,0.02,19.978172222222224
2026-01-08 01:02:38,1,1,21.7,20,0.02,19.934172222222227
2026-01-08 01:03:11,1,1,21.69,20,0.02,19.923172222222224
2026-01-08 01:03:44,1,1,21.7,20,0.02,19.934172222222227
2026-01-08 01:04:19,1,1,21.73,20,0.02,19.96717222222223
2026-01-08 01:04:53,1,1,21.72,20,0.02,19.95617222222223
2026-01-08 01:05:28,1,1,21.77,20,0.02,20.011172222222232
2026-01-08 01:06:01,1,1,21.71,20,0.02,19.945172222222226
2026-01-08 01:06:34,1,1,21.67,20,0.02,19.901172222222225
2026-01-08 01:07:10,1,1,21.67,20,0.02,19.901172222222225
2026-01-08 01:07:43,1,1,21.72,20,0.02,19.95617222222223
2026-01-08 01:08:18,1,1,21.74,20,0.01,19.978172222222224
2026-01-08 01:08:51,1,1,21.72,20,0.01,19.95617222222223
2026-01-08 01:09:26,1,1,21.76,20,0.01,20.00017222222223
2026-01-08 01:10:02,1,1,21.74,20,0.01,19.978172222222224
2026-01-08 01:10:37,1,1,21.73,20,0.01,19.96717222222223
2026-01-08 01:11:12,1,1,21.72,20,0.01,19.95617222222223
2026-01-08 01:11:47,1,1,21.74,20,0.01,19.978172222222224
2026-01-08 01:12:22,1,1,21.74,20,0.01,19.978172222222224
2026-01-08 01:12:55,1,1,21.72,20,0.01,19.95617222222223
2026-01-08 01:13:31,1,1,21.71,20,0.01,19.945172222222226
2026-01-08 01:14:06,1,1,21.69,20,0.01,19.923172222222224
2026-01-08 01:14:39,1,1,21.7,20,0.01,19.934172222222227
2026-01-08 01:15:14,1,1,21.71,20,0.01,19.945172222222226
2026-01-08 01:15:47,1,1,21.67,20,0.01,19.901172222222225
2026-01-08 01:16:21,1,1,21.69,20,0.01,19.923172222222224
2026-01-08 01:16:56,1,1,21.73,20,0.01,19.96717222222223
2026-01-08 01:17:31,1,1,21.65,20,0.01,19.879172222222223
2026-01-08 01:18:06,1,1,21.7,20,0.01,19.934172222222227
2026-01-08 01:18:41,1,1,21.73,20,0.01,19.96717222222223
2026-01-08 01:19:17,1,1,21.75,20,0.01,19.989172222222226
2026-01-08 01:19:52,1,1,21.71,20,0.01,19.945172222222226
2026-01-08 01:20:27,1,1,21.71,20,0.01,19.945172222222226
2026-01-08 01:21:02,1,1,21.73,20,0.01,19.96717222222223
2026-01-08 01:21:35,1,1,21.68,20,0.01,19.912172222222228
2026-01-08 01:22:10,1,1,21.71,20,0.01,19.945172222222226
2026-01-08 01:22:44,1,1,21.71,20,0.01,19.945172222222226
2026-01-08 01:23:17,1,1,21.7,20,0.01,19.934172222222227
2026-01-08 01:23:52,1,1,21.76,20,0.01,20.00017222222223
2026-01-08 01:24:25,1,1,21.76,20,0.01,20.00017222222223
2026-01-08 01:25:01,1,1,21.71,20,0.01,19.945172222222226
2026-01-08 01:25:34,1,1,21.71,20,0.01,19.945172222222226
2026-01-08 01:26:09,1,1,21.76,20,0.01,20.00017222222223
2026-01-08 01:26:44,1,1,21.71,20,0.01,19.945172222222226
2026-01-08 01:27:19,1,1,21.7,20,0.01,19.934172222222227
2026-01-08 01:27:52,1,1,21.72,20,0.01,19.95617222222223
2026-01-08 01:28:26,1,1,21.71,20,0.01,19.945172222222226
2026-01-08 01:29:01,1,1,21.69,20,0.01,19.923172222222224
2026-01-08 01:29:36,1,1,21.73,20,0.01,19.96717222222223
2026-01-08 01:30:09,1,1,21.71,20,0.01,19.945172222222226
2026-01-08 01:30:45,1,1,21.76,20,0.01,20.00017222222223
2026-01-08 01:31:20,1,1,21.68,20,0.01,19.912172222222228
2026-01-08 01:31:55,1,1,21.69,20,0.01,19.923172222222224
2026-01-08 01:32:28,1,1,21.69,20,0.01,19.923172222222224
2026-01-08 01:33:01,1,1,21.69,20,0.01,19.923172222222224
2026-01-08 01:33:37,1,1,21.73,20,0.01,19.96717222222223
2026-01-08 01:34:10,1,1,21.72,20,0.01,19.95617222222223
2026-01-08 01:34:45,1,1,21.71,20,0.01,19.945172222222226
2026-01-08 01:35:18,1,1,21.67,20,0.01,19.901172222222225
2026-01-08 01:35:53,1,1,21.65,20,0.01,19.879172222222223
2026-01-08 01:36:29,1,1,21.65,20,0.01,19.879172222222223
2026-01-08 01:37:04,1,1,21.67,20,0.01,19.901172222222225
2026-01-08 01:37:37,1,1,21.69,20,0.01,19.923172222222224
2026-01-08 01:38:12,1,1,21.7,20,0.01,19.934172222222227
2026-01-08 01:38:45,1,1,21.69,20,0.01,19.923172222222224
2026-01-08 01:39:21,1,1,21.7,20,0.01,19.934172222222227
2026-01-08 01:39:56,1,1,21.69,20,0.01,19.923172222222224
2026-01-08 01:40:29,1,1,21.66,20,0.01,19.890172222222226
2026-01-08 01:41:02,1,1,21.67,20,0.01,19.901172222222225
2026-01-08 01:41:37,1,1,21.67,20,0.01,19.901172222222225
2026-01-08 01:42:12,1,1,21.69,20,0.01,19.923172222222224
2026-01-08 01:42:48,1,1,21.71,20,0.01,19.945172222222226
2026-01-08 01:43:23,1,1,21.7,20,-0.2,19.934172222222227
2026-01-08 01:43:56,1,1,21.7,20,-0.2,19.934172222222227
2026-01-08 01:44:31,1,1,21.72,20,-0.2,19.95617222222223
2026-01-08 01:45:06,1,1,21.72,20,-0.2,19.95617222222223
2026-01-08 01:45:42,1,1,21.69,20,-0.2,19.923172222222224
2026-01-08 01:46:17,1,1,21.69,20,-0.2,19.923172222222224
2026-01-08 01:46:52,1,1,21.72,20,-0.2,19.95617222222223
2026-01-08 01:47:27,1,1,21.68,20,-0.2,19.912172222222228
2026-01-08 01:48:00,1,1,21.67,20,-0.2,19.901172222222225
2026-01-08 01:48:35,1,1,21.63,20,-0.2,19.85717222222223
2026-01-08 01:49:09,1,1,21.63,20,-0.2,19.85717222222223
2026-01-08 01:49:44,1,1,21.66,20,-0.2,19.890172222222226
2026-01-08 01:50:19,1,1,21.67,20,-0.2,19.901172222222225
2026-01-08 01:50:54,1,1,21.69,20,-0.2,19.923172222222224
2026-01-08 01:51:27,1,1,21.69,20,-0.2,19.923172222222224
2026-01-08 01:52:01,1,1,21.69,20,-0.2,19.923172222222224
2026-01-08 01:52:36,1,1,21.71,20,-0.2,19.945172222222226
2026-01-08 01:53:09,1,1,21.7,20,-0.2,19.934172222222227
2026-01-08 01:53:42,1,1,21.7,20,-0.2,19.934172222222227
2026-01-08 01:54:18,1,1,21.71,20,-0.2,19.945172222222226
2026-01-08 01:54:51,1,1,21.72,20,-0.2,19.95617222222223
2026-01-08 01:55:26,1,1,21.69,20,-0.2,19.923172222222224
2026-01-08 01:55:59,1,1,21.65,20,-0.2,19.879172222222223
2026-01-08 01:56:34,1,1,21.66,20,-0.2,19.890172222222226
2026-01-08 01:57:10,1,1,21.65,20,-0.2,19.879172222222223
2026-01-08 01:57:43,1,1,21.64,20,-0.2,19.86817222222222
2026-01-08 01:58:18,1,1,21.62,20,-0.2,19.846172222222226
2026-01-08 01:58:53,1,1,21.6,20,-0.2,19.82417222222222
2026-01-08 01:59:26,1,1,21.58,20,-0.2,19.802172222222225
2026-01-08 02:00:00,1,1,21.58,20,-0.2,19.802172222222225
2026-01-08 02:00:35,1,1,21.63,20,-0.2,19.85717222222223
2026-01-08 02:01:08,1,1,21.65,20,-0.2,19.879172222222223
2026-01-08 02:01:41,1,1,21.62,20,-0.2,19.846172222222226
2026-01-08 02:02:16,1,1,21.62,20,-0.2,19.846172222222226
2026-01-08 02:02:50,1,1,21.62,20,-0.2,19.846172222222226
2026-01-08 02:03:25,1,1,21.61,20,-0.2,19.835172222222223
2026-01-08 02:04:00,1,1,21.64,20,-0.2,19.86817222222222
2026-01-08 02:04:33,1,1,21.67,20,-0.2,19.901172222222225
2026-01-08 02:05:06,1,1,21.67,20,-0.2,19.901172222222225
2026-01-08 02:05:42,1,1,21.65,20,-0.2,19.879172222222223
2026-01-08 02:06:17,1,1,21.64,20,-0.2,19.86817222222222
2026-01-08 02:06:52,1,1,21.63,20,-0.2,19.85717222222223
2026-01-08 02:07:27,1,1,21.63,20,-0.2,19.85717222222223
2026-01-08 02:08:00,1,1,21.63,20,-0.2,19.85717222222223
2026-01-08 02:08:34,1,1,21.62,20,-0.2,19.846172222222226
2026-01-08 02:09:09,1,1,21.61,20,-0.2,19.835172222222223
2026-01-08 02:09:42,1,1,21.62,20,-0.2,19.846172222222226
2026-01-08 02:10:17,1,1,21.64,20,-0.2,19.86817222222222
2026-01-08 02:10:50,1,1,21.61,20,-0.2,19.835172222222223
2026-01-08 02:11:24,1,1,21.62,20,-0.2,19.846172222222226
2026-01-08 02:11:59,1,1,21.67,20,-0.2,19.901172222222225
2026-01-08 02:12:34,1,1,21.66,20,-0.2,19.890172222222226
2026-01-08 02:13:09,1,1,21.64,20,-0.2,19.86817222222222
2026-01-08 02:13:44,1,1,21.64,20,-0.2,19.86817222222222
2026-01-08 02:14:20,1,1,21.64,20,-0.2,19.86817222222222
2026-01-08 02:14:55,1,1,21.64,20,-0.2,19.86817222222222
2026-01-08 02:15:28,1,1,21.63,20,-0.2,19.85717222222223
2026-01-08 02:16:03,1,1,21.68,20,-0.2,19.912172222222228
2026-01-08 02:16:38,1,1,21.66,20,-0.2,19.890172222222226
2026-01-08 02:17:14,1,1,21.72,20,-0.2,19.95617222222223
2026-01-08 02:17:47,1,1,21.65,20,-0.2,19.879172222222223
2026-01-08 02:18:22,1,1,21.66,20,-0.2,19.890172222222226
2026-01-08 02:18:55,1,1,21.63,20,-0.2,19.85717222222223
2026-01-08 02:19:30,1,1,21.63,20,-0.2,19.85717222222223
2026-01-08 02:20:06,1,1,21.65,20,-0.2,19.879172222222223
2026-01-08 02:20:40,1,1,21.65,20,-0.2,19.879172222222223
2026-01-08 02:21:13,1,1,21.63,20,-0.2,19.85717222222223
2026-01-08 02:21:48,1,1,21.62,20,-0.2,19.846172222222226
2026-01-08 02:22:21,1,1,21.62,20,-0.2,19.846172222222226
2026-01-08 02:22:56,1,1,21.63,20,-0.2,19.85717222222223
2026-01-08 02:23:32,1,1,21.64,20,-0.2,19.86817222222222
2026-01-08 02:24:07,1,1,21.63,20,-0.2,19.85717222222223
2026-01-08 02:24:40,1,1,21.62,20,-0.2,19.846172222222226
2026-01-08 02:25:15,1,1,21.63,20,-0.2,19.85717222222223
2026-01-08 02:25:50,1,1,21.66,20,-0.2,19.890172222222226
2026-01-08 02:26:24,1,1,21.63,20,-0.2,19.85717222222223
2026-01-08 02:26:59,1,1,21.67,20,-0.2,19.901172222222225
2026-01-08 02:27:32,1,1,21.66,20,-0.2,19.890172222222226
2026-01-08 02:28:07,1,1,21.64,20,-0.2,19.86817222222222
2026-01-08 02:28:42,1,1,21.69,20,-0.17,19.923172222222224
2026-01-08 02:29:18,1,1,21.66,20,-0.17,19.890172222222226
2026-01-08 02:29:51,1,1,21.67,20,-0.17,19.901172222222225
2026-01-08 02:30:26,1,1,21.68,20,-0.17,19.912172222222228
2026-01-08 02:31:01,1,1,21.68,20,-0.17,19.912172222222228
2026-01-08 02:31:36,1,1,21.7,20,-0.17,19.934172222222227
2026-01-08 02:32:12,1,1,21.72,20,-0.17,19.95617222222223
2026-01-08 02:32:45,1,1,21.72,20,-0.17,19.95617222222223
2026-01-08 02:33:20,1,1,21.72,20,-0.17,19.95617222222223
2026-01-08 02:33:55,1,1,21.71,20,-0.17,19.945172222222226
2026-01-08 02:34:30,1,1,21.7,20,-0.17,19.934172222222227
2026-01-08 02:35:05,1,1,21.75,20,-0.17,19.989172222222226
2026-01-08 02:35:41,1,1,21.72,20,-0.17,19.95617222222223
2026-01-08 02:36:16,1,1,21.71,20,-0.17,19.945172222222226
2026-01-08 02:36:51,1,1,21.71,20,-0.17,19.945172222222226
2026-01-08 02:37:26,1,1,21.68,20,-0.17,19.912172222222228
2026-01-08 02:38:01,1,1,21.68,20,-0.17,19.912172222222228
2026-01-08 02:38:36,1,1,21.68,20,-0.17,19.912172222222228
2026-01-08 02:39:12,1,1,21.7,20,-0.17,19.934172222222227
2026-01-08 02:39:47,1,1,21.67,20,-0.17,19.901172222222225
2026-01-08 02:40:20,1,1,21.64,20,-0.17,19.86817222222222
2026-01-08 02:40:55,1,1,21.65,20,-0.17,19.879172222222223
2026-01-08 02:41:30,1,1,21.65,20,-0.17,19.879172222222223
2026-01-08 02:42:06,1,1,21.65,20,-0.17,19.879172222222223
2026-01-08 02:42:41,1,1,21.68,20,-0.17,19.912172222222228
2026-01-08 02:43:16,1,1,21.7,20,-0.17,19.934172222222227
2026-01-08 02:43:51,1,1,21.71,20,-0.17,19.945172222222226
2026-01-08 02:44:26,1,1,21.72,20,-0.17,19.95617222222223
2026-01-08 02:45:01,1,1,21.7,20,-0.17,19.934172222222227
2026-01-08 02:45:34,1,1,21.7,20,-0.17,19.934172222222227
2026-01-08 02:46:10,1,1,21.69,20,-0.17,19.923172222222224
2026-01-08 02:46:43,1,1,21.65,20,-0.17,19.879172222222223
2026-01-08 02:47:18,1,1,21.66,20,-0.17,19.890172222222226
2026-01-08 02:47:51,1,1,21.71,20,-0.17,19.945172222222226
2026-01-08 02:48:27,1,1,21.69,20,-0.17,19.923172222222224
2026-01-08 02:49:02,1,1,21.69,20,-0.17,19.923172222222224
2026-01-08 02:49:37,1,1,21.69,20,-0.17,19.923172222222224
2026-01-08 02:50:10,1,1,21.69,20,-0.17,19.923172222222224
2026-01-08 02:50:43,1,1,21.69,20,-0.17,19.923172222222224
2026-01-08 02:51:19,1,1,21.7,20,-0.17,19.934172222222227
2026-01-08 02:51:52,1,1,21.74,20,-0.17,19.978172222222224
2026-01-08 02:52:25,1,1,21.71,20,-0.17,19.945172222222226
2026-01-08 02:52:58,1,1,21.71,20,-0.17,19.945172222222226
2026-01-08 02:53:34,1,1,21.72,20,-0.17,19.95617222222223
2026-01-08 02:54:07,1,1,21.68,20,-0.17,19.912172222222228
2026-01-08 02:54:42,1,1,21.68,20,-0.17,19.912172222222228
2026-01-08 02:55:15,1,1,21.67,20,-0.17,19.901172222222225
2026-01-08 02:55:50,1,1,21.69,20,-0.17,19.923172222222224
2026-01-08 02:56:26,1,1,21.68,20,-0.17,19.912172222222228
2026-01-08 02:57:01,1,1,21.67,20,-0.17,19.901172222222225
2026-01-08 02:57:34,1,1,21.64,20,-0.17,19.86817222222222
2026-01-08 02:58:09,1,1,21.69,20,-0.17,19.923172222222224
2026-01-08 02:58:44,1,1,21.63,20,-0.17,19.85717222222223
2026-01-08 02:59:19,1,1,21.65,20,-0.17,19.879172222222223
2026-01-08 02:59:53,1,1,21.63,20,-0.17,19.85717222222223
2026-01-08 03:00:28,1,1,21.63,20,-0.17,19.85717222222223
2026-01-08 03:01:01,1,1,21.62,20,-0.17,19.846172222222226
2026-01-08 03:01:34,1,1,21.64,20,-0.17,19.86817222222222
2026-01-08 03:02:10,1,1,21.69,20,-0.17,19.923172222222224
2026-01-08 03:02:43,1,1,21.69,20,-0.17,19.923172222222224
2026-01-08 03:03:18,1,1,21.73,20,0.24,19.96717222222223
2026-01-08 03:03:53,1,1,21.74,20,0.24,19.978172222222224
2026-01-08 03:04:28,1,1,21.72,20,0.24,19.95617222222223
2026-01-08 03:05:03,1,1,21.7,20,0.24,19.934172222222227
2026-01-08 03:05:39,1,1,21.71,20,0.24,19.945172222222226
2026-01-08 03:06:14,1,1,21.71,20,0.24,19.945172222222226
2026-01-08 03:06:49,1,1,21.73,20,0.24,19.96717222222223
2026-01-08 03:07:22,1,1,21.68,20,0.24,19.912172222222228
2026-01-08 03:07:57,1,1,21.65,20,0.24,19.879172222222223
2026-01-08 03:08:33,1,1,21.64,20,0.24,19.86817222222222
2026-01-08 03:09:06,1,1,21.62,20,0.24,19.846172222222226
2026-01-08 03:09:41,1,1,21.65,20,0.24,19.879172222222223
2026-01-08 03:10:14,1,1,21.65,20,0.24,19.879172222222223
2026-01-08 03:10:49,1,1,21.67,20,0.24,19.901172222222225
2026-01-08 03:11:26,1,1,21.65,20,0.24,19.879172222222223
2026-01-08 03:12:01,1,1,21.71,20,0.24,19.945172222222226
2026-01-08 03:12:36,1,1,21.71,20,0.24,19.945172222222226
2026-01-08 03:13:09,1,1,21.68,20,0.24,19.912172222222228
2026-01-08 03:13:44,1,1,21.71,20,0.24,19.945172222222226
2026-01-08 03:14:18,1,1,21.68,20,0.24,19.912172222222228
2026-01-08 03:14:57,1,1,21.68,20,0.24,19.912172222222228
2026-01-08 03:15:32,1,1,21.71,20,0.24,19.945172222222226
2026-01-08 03:16:05,1,1,21.72,20,0.24,19.95617222222223
2026-01-08 03:16:40,1,1,21.73,20,0.24,19.96717222222223
2026-01-08 03:17:15,1,1,21.72,20,0.24,19.95617222222223
2026-01-08 03:17:51,1,1,21.72,20,0.24,19.95617222222223
2026-01-08 03:18:26,1,1,21.68,20,0.24,19.912172222222228
2026-01-08 03:18:59,1,1,21.65,20,0.24,19.879172222222223
2026-01-08 03:19:34,1,1,21.69,20,0.24,19.923172222222224
2026-01-08 03:20:09,1,1,21.73,20,0.24,19.96717222222223
2026-01-08 03:20:43,1,1,21.74,20,0.24,19.978172222222224
2026-01-08 03:21:18,1,1,21.77,20,0.24,20.011172222222232
2026-01-08 03:21:53,1,1,21.73,20,0.24,19.96717222222223
2026-01-08 03:22:28,1,1,21.72,20,0.24,19.95617222222223
2026-01-08 03:23:01,1,1,21.72,20,0.24,19.95617222222223
2026-01-08 03:23:37,1,1,21.77,20,0.39,20.011172222222232
2026-01-08 03:24:10,1,1,21.72,20,0.39,19.95617222222223
2026-01-08 03:24:45,1,1,21.74,20,0.39,19.978172222222224
2026-01-08 03:25:18,1,1,21.75,20,0.39,19.989172222222226
2026-01-08 03:25:53,1,1,21.71,20,0.39,19.945172222222226
2026-01-08 03:26:27,1,1,21.69,20,0.39,19.923172222222224
2026-01-08 03:27:00,1,1,21.7,20,0.39,19.934172222222227
2026-01-08 03:27:35,1,1,21.74,20,0.39,19.978172222222224
2026-01-08 03:28:08,1,1,21.78,20,0.39,20.022172222222235
2026-01-08 03:28:44,1,1,21.73,20,0.39,19.96717222222223
2026-01-08 03:29:19,1,1,21.7,20,0.39,19.934172222222227
2026-01-08 03:29:54,1,1,21.68,20,0.39,19.912172222222228
2026-01-08 03:30:29,1,1,21.68,20,0.39,19.912172222222228
2026-01-08 03:31:04,1,1,21.7,20,0.39,19.934172222222227
2026-01-08 03:31:39,1,1,21.73,20,0.39,19.96717222222223
2026-01-08 03:32:15,1,1,21.74,20,0.39,19.978172222222224
2026-01-08 03:32:50,1,1,21.73,20,0.39,19.96717222222223
2026-01-08 03:33:23,1,1,21.71,20,0.39,19.945172222222226
2026-01-08 03:33:58,1,1,21.73,20,0.39,19.96717222222223
2026-01-08 03:34:33,1,1,21.77,20,0.39,20.011172222222232
2026-01-08 03:35:08,1,1,21.81,20,0.39,20.055172222222215
2026-01-08 03:35:42,1,1,21.76,20,0.39,20.00017222222223
2026-01-08 03:36:17,1,1,21.76,20,0.39,20.00017222222223
2026-01-08 03:36:52,1,1,21.74,20,0.39,19.978172222222224
2026-01-08 03:37:27,1,1,21.76,20,0.39,20.00017222222223
2026-01-08 03:38:00,1,1,21.72,20,0.39,19.95617222222223
2026-01-08 03:38:36,1,1,21.73,20,0.36,19.96717222222223
2026-01-08 03:39:09,1,1,21.74,20,0.36,19.978172222222224
2026-01-08 03:39:44,1,1,21.75,20,0.36,19.989172222222226
2026-01-08 03:40:19,1,1,21.77,20,0.36,20.011172222222232
2026-01-08 03:40:54,1,1,21.77,20,0.36,20.011172222222232
2026-01-08 03:41:28,1,1,21.79,20,0.36,20.033172222222227
2026-01-08 03:42:03,1,1,21.77,20,0.36,20.011172222222232
2026-01-08 03:42:38,1,1,21.76,20,0.36,20.00017222222223
2026-01-08 03:43:11,1,1,21.77,20,0.36,20.011172222222232
2026-01-08 03:43:46,1,1,21.8,20,0.36,20.04417222222223
2026-01-08 03:44:22,1,1,21.74,20,0.36,19.978172222222224
2026-01-08 03:44:57,1,1,21.7,20,0.36,19.934172222222227
2026-01-08 03:45:32,1,1,21.74,20,0.36,19.978172222222224
2026-01-08 03:46:07,1,1,21.72,20,0.36,19.95617222222223
2026-01-08 03:46:42,1,1,21.74,20,0.36,19.978172222222224
2026-01-08 03:47:17,1,1,21.73,20,0.36,19.96717222222223
2026-01-08 03:47:53,1,1,21.77,20,0.36,20.011172222222232
2026-01-08 03:48:28,1,1,21.76,20,0.36,20.00017222222223
2026-01-08 03:49:01,1,1,21.75,20,0.36,19.989172222222226
2026-01-08 03:49:34,1,1,21.75,20,0.36,19.989172222222226
2026-01-08 03:50:10,1,1,21.77,20,0.36,20.011172222222232
2026-01-08 03:50:43,1,1,21.74,20,0.36,19.978172222222224
2026-01-08 03:51:16,1,1,21.74,20,0.36,19.978172222222224
2026-01-08 03:51:51,1,1,21.73,20,0.36,19.96717222222223
2026-01-08 03:52:26,1,1,21.7,20,0.36,19.934172222222227
2026-01-08 03:53:02,1,1,21.75,20,0.36,19.989172222222226
2026-01-08 03:53:37,1,1,21.77,20,0.36,20.011172222222232
2026-01-08 03:54:10,1,1,21.76,20,0.36,20.00017222222223
2026-01-08 03:54:45,1,1,21.73,20,0.36,19.96717222222223
2026-01-08 03:55:20,1,1,21.75,20,0.36,19.989172222222226
2026-01-08 03:55:54,1,1,21.76,20,0.36,20.00017222222223
2026-01-08 03:56:29,1,1,21.78,20,0.36,20.022172222222235
2026-01-08 03:57:02,1,1,21.8,20,0.36,20.04417222222223
2026-01-08 03:57:37,1,1,21.83,20,0.36,20.07717222222222
2026-01-08 03:58:10,1,1,21.81,20,0.36,20.055172222222215
2026-01-08 03:58:46,1,1,21.81,20,0.36,20.055172222222215
2026-01-08 03:59:21,1,1,21.79,20,0.36,20.033172222222227
2026-01-08 03:59:56,1,1,21.79,20,0.36,20.033172222222227
2026-01-08 04:00:29,1,1,21.77,20,0.36,20.011172222222232
2026-01-08 04:01:04,1,1,21.76,20,0.36,20.00017222222223
2026-01-08 04:01:40,1,1,21.77,20,0.36,20.011172222222232
2026-01-08 04:02:15,1,1,21.76,20,0.36,20.00017222222223
2026-01-08 04:02:50,1,1,21.76,20,0.36,20.00017222222223
2026-01-08 04:03:23,1,1,21.77,20,0.36,20.011172222222232
2026-01-08 04:03:58,1,1,21.77,20,0.36,20.011172222222232
2026-01-08 04:04:32,1,1,21.77,20,0.36,20.011172222222232
2026-01-08 04:05:05,1,1,21.74,20,0.36,19.978172222222224
2026-01-08 04:05:40,1,1,21.75,20,0.36,19.989172222222226
2026-01-08 04:06:13,1,1,21.74,20,0.36,19.978172222222224
2026-01-08 04:06:49,1,1,21.69,20,0.36,19.923172222222224
2026-01-08 04:07:22,1,1,21.71,20,0.36,19.945172222222226
2026-01-08 04:07:57,1,1,21.73,20,0.36,19.96717222222223
2026-01-08 04:08:30,1,1,21.74,20,0.36,19.978172222222224
2026-01-08 04:09:05,1,1,21.74,20,0.36,19.978172222222224
2026-01-08 04:09:41,1,1,21.74,20,0.36,19.978172222222224
2026-01-08 04:10:16,1,1,21.72,20,0.36,19.95617222222223
2026-01-08 04:10:49,1,1,21.69,20,0.36,19.923172222222224
2026-01-08 04:11:24,1,1,21.74,20,0.36,19.978172222222224
2026-01-08 04:11:59,1,1,21.72,20,0.36,19.95617222222223
2026-01-08 04:12:35,1,1,21.74,20,0.36,19.978172222222224
2026-01-08 04:13:08,1,1,21.73,20,0.36,19.96717222222223
2026-01-08 04:13:43,1,1,21.78,20,0.36,20.022172222222235
2026-01-08 04:14:18,1,1,21.72,20,0.36,19.95617222222223
2026-01-08 04:14:53,1,1,21.73,20,0.36,19.96717222222223
2026-01-08 04:15:28,1,1,21.72,20,0.36,19.95617222222223
2026-01-08 04:16:04,1,1,21.72,20,0.36,19.95617222222223
2026-01-08 04:16:39,1,1,21.69,20,0.36,19.923172222222224
2026-01-08 04:17:14,1,1,21.73,20,0.36,19.96717222222223
2026-01-08 04:17:47,1,1,21.72,20,0.36,19.95617222222223
2026-01-08 04:18:22,1,1,21.73,20,0.39,19.96717222222223
2026-01-08 04:18:56,1,1,21.74,20,0.39,19.978172222222224
2026-01-08 04:19:31,1,1,21.7,20,0.39,19.934172222222227
2026-01-08 04:20:06,1,1,21.71,20,0.39,19.945172222222226
2026-01-08 04:20:39,1,1,21.67,20,0.39,19.901172222222225
2026-01-08 04:21:14,1,1,21.68,20,0.39,19.912172222222228
2026-01-08 04:21:50,1,1,21.72,20,0.39,19.95617222222223
2026-01-08 04:22:23,1,1,21.73,20,0.39,19.96717222222223
2026-01-08 04:22:56,1,1,21.72,20,0.39,19.95617222222223
2026-01-08 04:23:31,1,1,21.75,20,0.39,19.989172222222226
2026-01-08 04:24:06,1,1,21.73,20,0.39,19.96717222222223
2026-01-08 04:24:40,1,1,21.75,20,0.39,19.989172222222226
2026-01-08 04:25:15,1,1,21.75,20,0.39,19.989172222222226
2026-01-08 04:25:48,1,1,21.77,20,0.39,20.011172222222232
2026-01-08 04:26:21,1,1,21.77,20,0.39,20.011172222222232
2026-01-08 04:26:57,1,1,21.81,20,0.39,20.055172222222215
2026-01-08 04:27:32,1,1,21.78,20,0.39,20.022172222222235
2026-01-08 04:28:05,1,1,21.72,20,0.39,19.95617222222223
2026-01-08 04:28:40,1,1,21.74,20,0.39,19.978172222222224
2026-01-08 04:29:13,1,1,21.69,20,0.39,19.923172222222224
2026-01-08 04:29:49,1,1,21.73,20,0.39,19.96717222222223
2026-01-08 04:30:24,1,1,21.75,20,0.39,19.989172222222226
2026-01-08 04:30:59,1,1,21.75,20,0.39,19.989172222222226
2026-01-08 04:31:34,1,1,21.78,20,0.39,20.022172222222235
2026-01-08 04:32:09,1,1,21.81,20,0.39,20.055172222222215
2026-01-08 04:32:44,1,1,21.77,20,0.39,20.011172222222232
2026-01-08 04:33:20,1,1,21.75,20,0.39,19.989172222222226
2026-01-08 04:33:53,1,1,21.76,20,0.39,20.00017222222223
2026-01-08 04:34:28,1,1,21.78,20,0.39,20.022172222222235
2026-01-08 04:35:01,1,1,21.77,20,0.39,20.011172222222232
2026-01-08 04:35:35,1,1,21.76,20,0.39,20.00017222222223
2026-01-08 04:36:10,1,1,21.79,20,0.39,20.033172222222227
2026-01-08 04:36:43,1,1,21.76,20,0.39,20.00017222222223
2026-01-08 04:37:16,1,1,21.79,20,0.39,20.033172222222227
2026-01-08 04:37:51,1,1,21.78,20,0.39,20.022172222222235
2026-01-08 04:38:25,1,1,21.76,20,0.39,20.00017222222223
2026-01-08 04:38:59,1,1,21.73,20,0.39,19.96717222222223
2026-01-08 04:39:34,1,1,21.73,20,0.39,19.96717222222223
2026-01-08 04:40:07,1,1,21.75,20,0.39,19.989172222222226
2026-01-08 04:40:42,1,1,21.74,20,0.39,19.978172222222224
2026-01-08 04:41:17,1,1,21.72,20,0.39,19.95617222222223
2026-01-08 04:41:52,1,1,21.75,20,0.39,19.989172222222226
2026-01-08 04:42:25,1,1,21.75,20,0.39,19.989172222222226
2026-01-08 04:43:00,1,1,21.74,20,0.39,19.978172222222224
2026-01-08 04:43:33,1,1,21.72,20,0.39,19.95617222222223
2026-01-08 04:44:09,1,1,21.75,20,0.39,19.989172222222226
2026-01-08 04:44:44,1,1,21.75,20,0.39,19.989172222222226
2026-01-08 04:45:19,1,1,21.73,20,0.39,19.96717222222223
2026-01-08 04:45:52,1,1,21.71,20,0.39,19.945172222222226
2026-01-08 04:46:27,1,1,21.73,20,0.39,19.96717222222223
2026-01-08 04:47:01,1,1,21.69,20,0.39,19.923172222222224
2026-01-08 04:47:36,1,1,21.73,20,0.39,19.96717222222223
2026-01-08 04:48:11,1,1,21.68,20,0.39,19.912172222222228
2026-01-08 04:48:46,1,1,21.74,20,0.39,19.978172222222224
2026-01-08 04:49:21,1,1,21.76,20,0.39,20.00017222222223
2026-01-08 04:49:57,1,1,21.79,20,0.39,20.033172222222227
2026-01-08 04:50:32,1,1,21.77,20,0.39,20.011172222222232
2026-01-08 04:51:05,1,1,21.74,20,0.39,19.978172222222224
2026-01-08 04:51:40,1,1,21.79,20,0.39,20.033172222222227
2026-01-08 04:52:15,1,1,21.76,20,0.39,20.00017222222223
2026-01-08 04:52:51,1,1,21.7,20,0.39,19.934172222222227
2026-01-08 04:53:25,1,1,21.72,20,0.39,19.95617222222223
2026-01-08 04:54:00,1,1,21.73,20,0.39,19.96717222222223
2026-01-08 04:54:35,1,1,21.71,20,0.39,19.945172222222226
2026-01-08 04:55:10,1,1,21.72,20,0.39,19.95617222222223
2026-01-08 04:55:45,1,1,21.73,20,0.39,19.96717222222223
2026-01-08 04:56:19,1,1,21.73,20,0.39,19.96717222222223
2026-01-08 04:56:52,1,1,21.74,20,0.39,19.978172222222224
2026-01-08 04:57:25,1,1,21.71,20,0.39,19.945172222222226
2026-01-08 04:58:00,1,1,21.69,20,0.39,19.923172222222224
2026-01-08 04:58:36,1,1,21.67,20,0.39,19.901172222222225
2026-01-08 04:59:11,1,1,21.7,20,0.39,19.934172222222227
2026-01-08 04:59:50,1,1,21.72,20,0.39,19.95617222222223
2026-01-08 05:00:25,1,1,21.76,20,0.39,20.00017222222223
2026-01-08 05:01:00,1,1,21.78,20,0.39,20.022172222222235
2026-01-08 05:01:35,1,1,21.71,20,0.39,19.945172222222226
2026-01-08 05:02:11,1,1,21.71,20,0.39,19.945172222222226
2026-01-08 05:02:46,1,1,21.73,20,0.39,19.96717222222223
2026-01-08 05:03:21,1,1,21.75,20,0.63,19.989172222222226
2026-01-08 05:03:56,1,1,21.74,20,0.63,19.978172222222224
2026-01-08 05:04:29,1,1,21.76,20,0.63,20.00017222222223
2026-01-08 05:05:04,1,1,21.78,20,0.63,20.022172222222235
2026-01-08 05:05:40,1,1,21.75,20,0.63,19.989172222222226
2026-01-08 05:06:15,1,1,21.73,20,0.63,19.96717222222223
2026-01-08 05:06:50,1,1,21.74,20,0.63,19.978172222222224
2026-01-08 05:07:25,1,1,21.72,20,0.63,19.95617222222223
2026-01-08 05:07:58,1,1,21.74,20,0.63,19.978172222222224
2026-01-08 05:08:34,1,1,21.75,20,0.63,19.989172222222226
2026-01-08 05:09:07,1,1,21.75,20,0.63,19.989172222222226
2026-01-08 05:09:42,1,1,21.77,20,0.63,20.011172222222232
2026-01-08 05:10:21,1,1,21.79,20,0.63,20.033172222222227
2026-01-08 05:10:56,1,1,21.75,20,0.63,19.989172222222226
2026-01-08 05:11:31,1,1,21.77,20,0.63,20.011172222222232
2026-01-08 05:12:05,1,1,21.76,20,0.63,20.00017222222223
2026-01-08 05:12:40,1,1,21.8,20,0.63,20.04417222222223
2026-01-08 05:13:13,1,1,21.79,20,0.63,20.033172222222227
2026-01-08 05:13:48,1,1,21.79,20,0.63,20.033172222222227
2026-01-08 05:14:23,1,1,21.8,20,0.63,20.04417222222223
2026-01-08 05:14:57,1,1,21.79,20,0.63,20.033172222222227
2026-01-08 05:15:30,1,1,21.76,20,0.63,20.00017222222223
2026-01-08 05:16:05,1,1,21.77,20,0.63,20.011172222222232
2026-01-08 05:16:40,1,1,21.75,20,0.63,19.989172222222226
2026-01-08 05:17:13,1,1,21.71,20,0.63,19.945172222222226
2026-01-08 05:17:49,1,1,21.72,20,0.63,19.95617222222223
2026-01-08 05:18:24,1,1,21.69,20,0.63,19.923172222222224
2026-01-08 05:18:59,1,1,21.69,20,0.63,19.923172222222224
2026-01-08 05:19:34,1,1,21.74,20,0.63,19.978172222222224
2026-01-08 05:20:09,1,1,21.71,20,0.63,19.945172222222226
2026-01-08 05:20:49,1,1,21.71,20,0.63,19.945172222222226
2026-01-08 05:21:24,1,1,21.71,20,0.63,19.945172222222226
2026-01-08 05:21:57,1,1,21.73,20,0.63,19.96717222222223
2026-01-08 05:22:32,1,1,21.75,20,0.63,19.989172222222226
2026-01-08 05:23:07,1,1,21.73,20,0.63,19.96717222222223
2026-01-08 05:23:42,1,1,21.72,20,0.63,19.95617222222223
2026-01-08 05:24:18,1,1,21.74,20,0.63,19.978172222222224
2026-01-08 05:24:51,1,1,21.74,20,0.63,19.978172222222224
2026-01-08 05:25:24,1,1,21.71,20,0.63,19.945172222222226
2026-01-08 05:25:57,1,1,21.73,20,0.63,19.96717222222223
2026-01-08 05:26:32,1,1,21.74,20,0.63,19.978172222222224
2026-01-08 05:27:12,1,1,21.77,20,0.63,20.011172222222232
2026-01-08 05:27:45,1,1,21.79,20,0.63,20.033172222222227
2026-01-08 05:28:25,1,1,21.8,20,0.63,20.04417222222223
2026-01-08 05:29:00,1,1,21.77,20,0.63,20.011172222222232
2026-01-08 05:29:33,1,1,21.78,20,0.63,20.022172222222235
2026-01-08 05:30:08,1,1,21.79,20,0.63,20.033172222222227
2026-01-08 05:30:42,1,1,21.81,20,0.63,20.055172222222215
2026-01-08 05:31:22,1,1,21.8,20,0.63,20.04417222222223
2026-01-08 05:31:55,1,1,21.78,20,0.63,20.022172222222235
2026-01-08 05:32:30,1,1,21.81,20,0.63,20.055172222222215
2026-01-08 05:33:03,1,1,21.8,20,0.63,20.04417222222223
2026-01-08 05:33:36,1,1,21.79,20,0.63,20.033172222222227
2026-01-08 05:34:12,1,1,21.81,20,0.63,20.055172222222215
2026-01-08 05:34:47,1,1,21.8,20,0.63,20.04417222222223
2026-01-08 05:35:20,1,1,21.79,20,0.63,20.033172222222227
2026-01-08 05:35:53,1,1,21.77,20,0.63,20.011172222222232
2026-01-08 05:36:26,1,1,21.78,20,0.63,20.022172222222235
2026-01-08 05:37:02,1,1,21.76,20,0.63,20.00017222222223
2026-01-08 05:37:37,1,1,21.74,20,0.63,19.978172222222224
2026-01-08 05:38:10,1,1,21.77,20,0.63,20.011172222222232
2026-01-08 05:38:45,1,1,21.77,20,0.63,20.011172222222232
2026-01-08 05:39:18,1,1,21.75,20,0.63,19.989172222222226
2026-01-08 05:39:54,1,1,21.78,20,0.63,20.022172222222235
2026-01-08 05:40:27,1,1,21.75,20,0.63,19.989172222222226
2026-01-08 05:41:02,1,1,21.74,20,0.63,19.978172222222224
2026-01-08 05:41:37,1,1,21.75,20,0.63,19.989172222222226
2026-01-08 05:42:10,1,1,21.74,20,0.63,19.978172222222224
2026-01-08 05:42:44,1,1,21.79,20,0.63,20.033172222222227
2026-01-08 05:43:17,1,1,21.78,20,0.63,20.022172222222235
2026-01-08 05:43:50,1,1,21.77,20,0.63,20.011172222222232
2026-01-08 05:44:25,1,1,21.76,20,0.63,20.00017222222223
2026-01-08 05:45:01,1,1,21.77,20,0.63,20.011172222222232
2026-01-08 05:45:34,1,1,21.77,20,0.63,20.011172222222232
2026-01-08 05:46:09,1,1,21.8,20,0.63,20.04417222222223
2026-01-08 05:46:44,1,1,21.83,20,0.63,20.07717222222222
2026-01-08 05:47:17,1,1,21.8,20,0.63,20.04417222222223
2026-01-08 05:47:53,1,1,21.83,20,0.63,20.07717222222222
2026-01-08 05:48:28,1,1,21.81,20,0.63,20.055172222222215
2026-01-08 05:49:03,1,1,21.81,20,0.63,20.055172222222215
2026-01-08 05:49:42,1,1,21.82,20,0.63,20.06617222222223
2026-01-08 05:50:15,1,1,21.82,20,0.63,20.06617222222223
2026-01-08 05:50:49,1,1,21.79,20,0.63,20.033172222222227
2026-01-08 05:51:22,1,1,21.77,20,0.63,20.011172222222232
2026-01-08 05:51:57,1,1,21.8,20,0.63,20.04417222222223
2026-01-08 05:52:36,1,1,21.79,20,0.63,20.033172222222227
2026-01-08 05:53:09,1,1,21.79,20,0.63,20.033172222222227
2026-01-08 05:53:45,1,1,21.79,20,0.63,20.033172222222227
2026-01-08 05:54:18,1,1,21.79,20,0.63,20.033172222222227
2026-01-08 05:54:53,1,1,21.79,20,0.63,20.033172222222227
2026-01-08 05:55:28,1,1,21.79,20,0.63,20.033172222222227
2026-01-08 05:56:01,1,1,21.8,20,0.63,20.04417222222223
2026-01-08 05:56:35,1,1,21.8,20,0.63,20.04417222222223
2026-01-08 05:57:10,1,1,21.82,20,0.63,20.06617222222223
2026-01-08 05:57:45,1,1,21.84,20,0.63,20.08817222222223
2026-01-08 05:58:20,1,1,21.82,20,0.63,20.06617222222223
2026-01-08 05:58:55,1,1,21.78,20,0.63,20.022172222222235
2026-01-08 05:59:30,1,1,21.77,20,0.63,20.011172222222232
2026-01-08 06:00:06,1,1,21.77,20,0.63,20.011172222222232
2026-01-08 06:00:41,1,1,21.81,20,0.63,20.055172222222215
2026-01-08 06:01:14,1,1,21.81,20,0.63,20.055172222222215
2026-01-08 06:01:49,1,1,21.79,20,0.63,20.033172222222227
2026-01-08 06:02:22,1,1,21.77,20,0.63,20.011172222222232
2026-01-08 06:02:58,1,1,21.78,20,0.63,20.022172222222235
2026-01-08 06:03:33,1,1,21.81,20,0.63,20.055172222222215
2026-01-08 06:04:08,1,1,21.8,20,0.63,20.04417222222223
2026-01-08 06:04:41,1,1,21.8,20,0.63,20.04417222222223
2026-01-08 06:05:14,1,1,21.79,20,0.63,20.033172222222227
2026-01-08 06:05:50,1,1,21.82,20,0.63,20.06617222222223
2026-01-08 06:06:25,1,1,21.77,20,0.63,20.011172222222232
2026-01-08 06:07:00,1,1,21.75,20,0.63,19.989172222222226
2026-01-08 06:07:36,1,1,21.76,20,0.63,20.00017222222223
2026-01-08 06:08:09,1,1,21.73,20,0.63,19.96717222222223
2026-01-08 06:08:45,1,1,21.73,20,0.63,19.96717222222223
2026-01-08 06:09:20,1,1,21.73,20,0.63,19.96717222222223
2026-01-08 06:09:55,1,1,21.75,20,0.63,19.989172222222226
2026-01-08 06:10:29,1,1,21.8,20,0.63,20.04417222222223
2026-01-08 06:11:02,1,1,21.81,20,0.63,20.055172222222215
2026-01-08 06:11:37,1,1,21.81,20,0.63,20.055172222222215
2026-01-08 06:12:12,1,1,21.82,20,0.63,20.06617222222223
2026-01-08 06:12:48,1,1,21.82,20,0.63,20.06617222222223
2026-01-08 06:13:23,1,1,21.83,20,0.63,20.07717222222222
2026-01-08 06:13:56,1,1,21.83,20,0.63,20.07717222222222
2026-01-08 06:14:29,1,1,21.83,20,0.63,20.07717222222222
2026-01-08 06:15:04,1,1,21.82,20,0.63,20.06617222222223
2026-01-08 06:15:38,1,1,21.8,20,0.63,20.04417222222223
2026-01-08 06:16:13,1,1,21.82,20,0.63,20.06617222222223
2026-01-08 06:16:48,1,1,21.81,20,0.63,20.055172222222215
2026-01-08 06:17:21,1,1,21.79,20,0.63,20.033172222222227
2026-01-08 06:17:56,1,1,21.81,20,0.63,20.055172222222215
2026-01-08 06:18:30,1,1,21.8,20,0.63,20.04417222222223
2026-01-08 06:19:05,1,1,21.82,20,0.63,20.06617222222223
2026-01-08 06:19:40,1,1,21.8,20,0.63,20.04417222222223
2026-01-08 06:20:15,1,1,21.83,20,0.63,20.07717222222222
2026-01-08 06:20:48,1,1,21.84,20,0.63,20.08817222222223
2026-01-08 06:21:22,1,1,21.85,20,0.63,20.099172222222233
2026-01-08 06:21:57,1,1,21.86,20,0.63,20.110172222222225
2026-01-08 06:22:32,1,1,21.84,20,0.63,20.08817222222223
2026-01-08 06:23:05,1,1,21.82,20,0.63,20.06617222222223
2026-01-08 06:23:40,1,1,21.79,20,0.63,20.033172222222227
2026-01-08 06:24:16,1,1,21.67,20,0.63,19.901433333333333
2026-01-08 06:24:49,1,1,21.8,20,0.63,20.044433333333338
2026-01-08 06:25:24,1,1,21.81,20,0.63,20.055172222222215
2026-01-08 06:25:59,1,1,21.81,20,0.63,20.055172222222215
2026-01-08 06:26:32,1,1,21.79,20,0.63,20.033433333333335
2026-01-08 06:27:08,1,1,21.76,20,0.63,20.000433333333337
2026-01-08 06:27:43,1,1,21.66,20,0.63,19.89043333333333
2026-01-08 06:28:16,1,1,21.54,20,0.63,19.758433333333326
2026-01-08 06:28:51,1,1,21.49,20,0.63,19.703433333333322
2026-01-08 06:29:24,1,1,21.52,20,0.63,19.736433333333327
2026-01-08 06:30:00,1,1,21.56,20,0.63,19.780433333333328
2026-01-08 06:30:33,1,1,21.57,20,0.63,19.79143333333333
2026-01-08 06:31:08,1,1,21.55,20,0.63,19.769433333333325
2026-01-08 06:31:41,1,1,21.62,20,0.63,19.846433333333334
2026-01-08 06:32:16,1,1,21.62,20,0.63,19.846433333333334
2026-01-08 06:32:52,1,1,21.54,20,0.63,19.758433333333326
2026-01-08 06:33:27,1,1,21.57,20,0.63,19.79143333333333
2026-01-08 06:34:02,1,1,21.61,20,0.63,19.83543333333333
2026-01-08 06:34:37,1,1,21.58,20,0.63,19.802433333333333
2026-01-08 06:35:10,1,1,21.59,20,0.63,19.813433333333325
2026-01-08 06:35:46,1,1,21.58,20,0.63,19.802433333333333
2026-01-08 06:36:21,1,1,21.61,20,0.63,19.83543333333333
2026-01-08 06:36:54,1,1,21.65,20,0.63,19.87943333333333
2026-01-08 06:37:29,1,1,21.64,20,0.63,19.86843333333333
2026-01-08 06:38:02,1,1,21.64,20,0.63,19.86843333333333
2026-01-08 06:38:37,1,1,21.65,20,0.74,19.87943333333333
2026-01-08 06:39:13,1,1,21.65,20,0.74,19.879694444444446
2026-01-08 06:39:46,1,1,21.68,20,0.74,19.912433333333336
2026-01-08 06:40:21,1,1,21.65,20,0.74,19.87943333333333
2026-01-08 06:40:54,1,1,21.63,20,0.74,19.857433333333333
2026-01-08 06:41:29,1,1,21.64,20,0.74,19.86843333333333
2026-01-08 06:42:05,1,1,21.6,20,0.74,19.824433333333328
2026-01-08 06:42:38,1,1,21.61,20,0.74,19.835694444444446
2026-01-08 06:43:13,1,1,21.62,20,0.74,19.847216666666668
2026-01-08 06:43:52,1,1,21.62,20,0.74,19.846955555555553
2026-01-08 06:44:27,1,1,21.65,20,0.74,19.879694444444446
2026-01-08 06:45:02,1,1,21.66,20,0.74,19.890694444444446
2026-01-08 06:45:36,1,1,21.65,20,0.74,19.879694444444446
2026-01-08 06:46:09,1,1,21.66,20,0.74,19.890694444444446
2026-01-08 06:46:44,1,1,21.67,20,0.74,19.90169444444445
2026-01-08 06:47:17,1,1,21.67,20,0.74,19.90169444444445
2026-01-08 06:47:53,1,1,21.68,20,0.74,19.912433333333336
2026-01-08 06:48:28,1,1,21.69,20,0.74,19.92343333333333
2026-01-08 06:49:01,1,1,21.77,20,0.74,20.011694444444455
2026-01-08 06:49:34,1,1,21.7,20,0.74,19.934694444444446
2026-01-08 06:50:07,1,1,21.72,20,0.74,19.95669444444445
2026-01-08 06:50:43,1,1,21.69,20,0.74,19.923694444444447
2026-01-08 06:51:16,1,1,21.69,20,0.74,19.923694444444447
2026-01-08 06:51:49,1,1,21.65,20,0.74,19.879694444444446
2026-01-08 06:52:22,1,1,21.66,20,0.74,19.890694444444446
2026-01-08 06:52:58,1,1,21.62,20,0.74,19.84669444444445
2026-01-08 06:53:33,1,1,21.58,20,0.74,19.802694444444448
2026-01-08 06:54:08,1,1,21.6,20,0.74,19.824694444444443
2026-01-08 06:54:43,1,1,21.98,20,0.74,20.242433333333324
2026-01-08 06:55:16,1,1,21.83,20,0.74,20.077433333333328
2026-01-08 06:55:50,1,1,21.78,20,0.74,20.02243333333334
2026-01-08 06:56:25,1,1,21.73,20,0.74,19.96743333333334
2026-01-08 06:57:00,1,1,21.69,20,0.74,19.92343333333333
2026-01-08 06:57:35,1,1,21.67,20,0.74,19.90169444444445
2026-01-08 06:58:14,1,1,21.67,20,0.74,19.90169444444445
2026-01-08 06:58:47,1,1,21.64,20,0.74,19.868694444444444
2026-01-08 06:59:21,1,1,21.64,20,0.74,19.868694444444444
2026-01-08 06:59:56,1,1,21.64,20,0.74,19.868694444444444
2026-01-08 07:00:31,1,1,21.62,20,0.74,19.84669444444445
2026-01-08 07:01:06,1,1,21.64,20,0.74,19.868694444444444
2026-01-08 07:01:39,1,1,21.61,20,0.74,19.835694444444446
2026-01-08 07:02:15,1,1,21.62,20,0.74,19.84669444444445
2026-01-08 07:02:48,1,1,21.62,20,0.74,19.84669444444445
2026-01-08 07:03:23,1,1,21.61,20,0.74,19.835694444444446
2026-01-08 07:03:58,1,1,21.59,20,0.74,19.81369444444444
2026-01-08 07:04:32,1,1,21.58,20,0.74,19.802694444444448
2026-01-08 07:05:07,1,1,21.57,20,0.74,19.791694444444445
2026-01-08 07:05:40,1,1,21.63,20,0.74,19.857694444444448
2026-01-08 07:06:16,1,1,21.68,20,0.74,19.91269444444445
2026-01-08 07:06:49,1,1,21.64,20,0.74,19.868694444444444
2026-01-08 07:07:25,1,1,21.62,20,0.74,19.84669444444445
2026-01-08 07:08:00,1,1,21.63,20,0.74,19.857694444444448
2026-01-08 07:08:33,1,1,21.65,20,1.19,19.879694444444446
2026-01-08 07:09:08,1,1,21.61,20,1.19,19.835694444444446
2026-01-08 07:09:43,1,1,21.57,20,1.19,19.791694444444445
2026-01-08 07:10:18,1,1,21.58,20,1.19,19.802694444444448
2026-01-08 07:10:54,1,1,21.6,20,1.19,19.824694444444443
2026-01-08 07:11:29,1,1,21.58,20,1.19,19.802694444444448
2026-01-08 07:12:04,1,1,21.57,20,1.19,19.791694444444445
2026-01-08 07:12:37,1,1,21.59,20,1.19,19.81369444444444
2026-01-08 07:13:12,1,1,21.56,20,1.19,19.780694444444443
2026-01-08 07:13:48,1,1,21.57,20,1.19,19.791694444444445
2026-01-08 07:14:23,1,1,21.62,20,1.19,19.84669444444445
2026-01-08 07:14:58,1,1,21.61,20,1.19,19.835694444444446
2026-01-08 07:15:33,1,1,22.14,20,1.19,20.418694444444448
2026-01-08 07:16:06,0,1,22.02,20,1.19,20.286694444444446
2026-01-08 07:16:40,0,1,21.95,20,1.19,20.20969444444444
2026-01-08 07:17:13,0,1,21.86,20,1.19,20.110694444444448
2026-01-08 07:17:48,0,1,21.83,20,1.19,20.077694444444443
2026-01-08 07:18:22,0,1,21.81,20,1.19,20.055694444444438
2026-01-08 07:18:58,0,1,21.75,20,1.19,19.98969444444445
2026-01-08 07:19:33,0,1,21.69,20,1.19,19.924216666666666
2026-01-08 07:20:08,0,1,21.67,20,1.19,19.90247777777778
2026-01-08 07:20:44,0,1,21.67,20,1.19,19.90247777777778
2026-01-08 07:21:17,0,1,21.71,20,1.19,19.94647777777778
2026-01-08 07:21:52,0,1,21.67,20,1.19,19.90247777777778
2026-01-08 07:22:27,0,1,21.64,20,1.19,19.869738888888886
2026-01-08 07:23:00,0,1,21.64,20,1.19,19.86947777777777
2026-01-08 07:23:34,0,1,21.62,20,1.19,19.84773888888889
2026-01-08 07:24:09,0,1,21.63,20,1.19,19.85847777777778
2026-01-08 07:24:44,0,1,21.66,20,1.19,19.89121666666667
2026-01-08 07:25:23,0,1,21.7,20,1.19,19.93521666666667
2026-01-08 07:25:58,0,1,21.66,20,1.19,19.89121666666667
2026-01-08 07:26:33,0,1,21.68,20,1.19,19.913216666666674
2026-01-08 07:27:09,0,1,21.65,20,1.19,19.880216666666666
2026-01-08 07:27:44,0,1,21.63,20,1.19,19.85821666666667
2026-01-08 07:28:17,0,1,21.63,20,1.19,19.85821666666667
2026-01-08 07:28:52,0,1,21.62,20,1.19,19.847216666666668
2026-01-08 07:29:27,0,1,21.59,20,1.19,19.814216666666663
2026-01-08 07:30:00,0,1,21.58,20,1.19,19.803216666666668
2026-01-08 07:30:36,0,1,21.57,20,1.19,19.79221666666667
2026-01-08 07:31:09,0,1,21.55,20,1.19,19.770216666666663
2026-01-08 07:31:42,0,1,21.53,20,1.19,19.748216666666675
2026-01-08 07:32:15,0,1,21.51,20,1.19,19.72621666666668
2026-01-08 07:32:51,0,1,21.48,20,1.19,19.693216666666665
2026-01-08 07:33:24,1,1,21.51,20,1.19,19.72621666666668
2026-01-08 07:33:59,1,1,21.47,20,1.19,19.682216666666672
2026-01-08 07:34:34,1,1,21.46,20,1.19,19.67121666666667
2026-01-08 07:35:09,1,1,21.4,20,1.19,19.605216666666664
2026-01-08 07:35:43,1,1,21.41,20,1.19,19.616216666666674
2026-01-08 07:36:18,1,1,21.36,20,1.19,19.561216666666674
2026-01-08 07:36:51,1,1,21.39,20,1.19,19.59421666666668
2026-01-08 07:37:26,1,1,21.4,20,1.19,19.605216666666664
2026-01-08 07:38:01,1,1,21.37,20,1.19,19.572216666666673
2026-01-08 07:38:37,1,1,21.33,20,1.19,19.528216666666676
2026-01-08 07:39:10,1,1,21.33,20,1.19,19.528216666666676
2026-01-08 07:39:45,1,1,21.34,20,1.19,19.539216666666675
2026-01-08 07:40:18,1,1,21.32,20,1.19,19.517216666666673
2026-01-08 07:40:53,1,1,21.33,20,1.19,19.528216666666676
2026-01-08 07:41:29,1,1,21.32,20,1.19,19.517216666666673
2026-01-08 07:42:04,1,1,21.35,20,1.19,19.55021666666667
2026-01-08 07:42:39,1,1,21.35,20,1.19,19.55021666666667
2026-01-08 07:43:14,1,1,21.34,20,1.19,19.539216666666675
2026-01-08 07:43:47,1,1,21.32,20,1.19,19.517216666666673
2026-01-08 07:44:22,1,1,21.34,20,1.19,19.539216666666675
2026-01-08 07:44:58,1,1,21.31,20,1.19,19.50621666666667
2026-01-08 07:45:31,1,1,21.29,20,1.19,19.484216666666676
2026-01-08 07:46:04,1,1,21.31,20,1.19,19.50621666666667
2026-01-08 07:46:39,1,1,21.37,20,1.19,19.572216666666673
2026-01-08 07:47:12,1,1,21.39,20,1.19,19.59421666666668
2026-01-08 07:47:48,1,1,21.39,20,1.19,19.59421666666668
2026-01-08 07:48:23,1,1,21.36,20,1.19,19.561216666666674
2026-01-08 07:49:02,1,1,21.39,20,1.19,19.59421666666668
2026-01-08 07:49:35,1,1,21.4,20,1.19,19.605216666666664
2026-01-08 07:50:10,1,1,21.45,20,1.19,19.660216666666674
2026-01-08 07:50:44,1,1,21.42,20,1.19,19.627216666666676
2026-01-08 07:51:19,1,1,21.42,20,1.19,19.627216666666676
2026-01-08 07:51:54,1,1,21.46,20,1.19,19.67121666666667
2026-01-08 07:52:29,1,1,21.47,20,1.19,19.682216666666672
2026-01-08 07:53:05,1,1,21.45,20,1.19,19.660216666666674
2026-01-08 07:53:40,1,1,21.44,20,1.19,19.649216666666682
2026-01-08 07:54:15,1,1,21.43,20,1.19,19.638216666666672
2026-01-08 07:54:50,1,1,21.44,20,1.19,19.649216666666682
2026-01-08 07:55:25,1,1,21.47,20,1.19,19.682216666666672
2026-01-08 07:56:02,1,1,21.45,20,1.19,19.660216666666674
2026-01-08 07:56:35,1,1,21.47,20,1.19,19.682216666666672
2026-01-08 07:57:08,1,1,21.45,20,1.19,19.660216666666674
2026-01-08 07:57:41,1,1,21.48,20,1.19,19.693216666666665
2026-01-08 07:58:15,1,1,21.47,20,1.19,19.682216666666672
2026-01-08 07:58:50,1,1,21.47,20,1.19,19.682216666666672
2026-01-08 07:59:25,1,1,21.45,20,1.19,19.660216666666674
2026-01-08 07:59:58,1,1,21.46,20,1.19,19.67121666666667
2026-01-08 08:00:31,1,1,21.47,20,1.19,19.682216666666672
2026-01-08 08:01:07,1,1,21.48,20,1.19,19.693216666666665
2026-01-08 08:01:42,1,1,21.47,20,1.19,19.682216666666672
2026-01-08 08:02:15,1,1,21.49,20,1.19,19.70421666666666
2026-01-08 08:02:48,1,1,21.48,20,1.19,19.693216666666665
2026-01-08 08:03:24,1,1,21.51,20,1.19,19.72621666666668
2026-01-08 08:03:57,1,1,21.53,20,1.19,19.748216666666675
2026-01-08 08:04:32,1,1,21.53,20,1.19,19.748216666666675
2026-01-08 08:05:07,1,1,21.53,20,1.19,19.748216666666675
2026-01-08 08:05:43,1,1,21.54,20,1.19,19.75921666666666
2026-01-08 08:06:18,1,1,21.52,20,1.19,19.737216666666665
2026-01-08 08:06:51,1,1,21.5,20,1.19,19.71521666666667
2026-01-08 08:07:27,1,1,21.54,20,1.19,19.75921666666666
2026-01-08 08:08:02,1,1,21.54,20,1.19,19.75921666666666
2026-01-08 08:08:37,1,1,21.56,20,1.19,19.781216666666666
2026-01-08 08:09:12,1,1,21.56,20,1.19,19.781216666666666
2026-01-08 08:09:47,1,1,21.53,20,1.19,19.748216666666675
2026-01-08 08:10:21,1,1,21.53,20,1.19,19.748216666666675
2026-01-08 08:10:56,1,1,21.55,20,1.19,19.770216666666663
2026-01-08 08:11:31,1,1,21.56,20,1.19,19.781216666666666
2026-01-08 08:12:06,1,1,21.59,20,1.19,19.814216666666663
2026-01-08 08:12:41,1,1,21.6,20,1.19,19.825216666666666
2026-01-08 08:13:16,1,1,21.62,20,0.62,19.847216666666668
